"NOM_ELECTION","NUMERO_TOUR","DATE_ELECTION","NOM_COLLECTIVITE","ID_COLLECTIVITE","NUMERO_BUREAU_VOTE","ARRONDISSEMENT","SECTEUR","CIRCONSCRIPTION","CANTON","NOM_BUREAU_VOTE","ADRESSE","NB_INSCRIT_THEORIQUE","NB_INSCRITS_DEPOUILLES","NB_VOTANTS","NB_BLANCS_NULS","NB_EXPRIMES","NB_PROCURATIONS","NB_CANDIDATS","NOM_CANDIDAT_01","NB_VOIX_CANDIDAT_01","NOM_CANDIDAT_02","NB_VOIX_CANDIDAT_02","NOM_CANDIDAT_03","NB_VOIX_CANDIDAT_03"
"ELECTIONS MUNICIPALES 2014",2,2014-03-30,"MARSEILLE",21130055300016,101,1,1,4,"BELSUNCE","PALAIS DE LA BOURSE","9 LA CANEBIERE",1053,1053,492,24,468,11,3,"TIAN Dominique",172,"MENNUCCI Patrick",246,"DEMEESTER Dominique",50
"ELECTIONS MUNICIPALES 2014",2,2014-03-30,"MARSEILLE",21130055300016,102,1,1,4,"BELSUNCE","E MAT HOTEL DES POSTES","2 PCE DE L'HOTEL DES POSTES",680,680,373,16,357,12,3,"TIAN Dominique",173,"MENNUCCI Patrick",154,"DEMEESTER Dominique",30
"ELECTIONS MUNICIPALES 2014",2,2014-03-30,"MARSEILLE",21130055300016,104,1,1,4,"BELSUNCE","E MAT PARMENTIER","7 RUE PARMENTIER",793,793,392,8,384,3,3,"TIAN Dominique",131,"MENNUCCI Patrick",239,"DEMEESTER Dominique",14
"ELECTIONS MUNICIPALES 2014",2,2014-03-30,"MARSEILLE",21130055300016,121,1,1,4,"BELSUNCE","PALAIS DE LA BOURSE","9 LA CANEBIERE",1068,1068,562,20,542,22,3,"TIAN Dominique",204,"MENNUCCI Patrick",270,"DEMEESTER Dominique",68
"ELECTIONS MUNICIPALES 2014",2,2014-03-30,"MARSEILLE",21130055300016,122,1,1,4,"BELSUNCE","PALAIS DE LA BOURSE","9 LA CANEBIERE",1282,1282,628,21,607,19,3,"TIAN Dominique",190,"MENNUCCI Patrick",354,"DEMEESTER Dominique",63
"ELECTIONS MUNICIPALES 2014",2,2014-03-30,"MARSEILLE",21130055300016,125,1,1,4,"BELSUNCE","E ELEM PAIX","56 RUE DE LA PAIX MARCEL PAUL",803,803,469,19,450,17,3,"TIAN Dominique",206,"MENNUCCI Patrick",196,"DEMEESTER Dominique",48
"ELECTIONS MUNICIPALES 2014",2,2014-03-30,"MARSEILLE",21130055300016,126,1,1,4,"BELSUNCE","CENTRE D'ANIMATION SENAC","6 - 8 RUE SENAC",920,920,510,27,483,24,3,"TIAN Dominique",131,"MENNUCCI Patrick",313,"DEMEESTER Dominique",39
"ELECTIONS MUNICIPALES 2014",2,2014-03-30,"MARSEILLE",21130055300016,127,1,1,4,"BELSUNCE","E MAT SAINT VINCENT DE PAUL","12 RUE BARTHELEMY",861,861,474,18,456,19,3,"TIAN Dominique",103,"MENNUCCI Patrick",302,"DEMEESTER Dominique",51
"ELECTIONS MUNICIPALES 2014",2,2014-03-30,"MARSEILLE",21130055300016,128,1,1,4,"BELSUNCE","E MAT SAINT VINCENT DE PAUL","12 RUE BARTHELEMY",1016,1016,594,19,575,10,3,"TIAN Dominique",161,"MENNUCCI Patrick",367,"DEMEESTER Dominique",47
"ELECTIONS MUNICIPALES 2014",2,2014-03-30,"MARSEILLE",21130055300016,141,1,1,4,"GRANDS CARMES","E ELEM KORSEC","ENTREE 3 RUE FRANCOIS BAZIN",830,830,418,16,402,2,3,"TIAN Dominique",136,"MENNUCCI Patrick",235,"DEMEESTER Dominique",31
"ELECTIONS MUNICIPALES 2014",2,2014-03-30,"MARSEILLE",21130055300016,142,1,1,4,"GRANDS CARMES","E ELEM KORSEC","ENTREE 3 RUE FRANCOIS BAZIN",887,887,483,22,461,8,3,"TIAN Dominique",154,"MENNUCCI Patrick",277,"DEMEESTER Dominique",30
"ELECTIONS MUNICIPALES 2014",2,2014-03-30,"MARSEILLE",21130055300016,181,1,1,4,"CINQ AVENUES","E ELEM KORSEC","ENTREE 3 RUE FRANCOIS BAZIN",1269,1269,649,27,622,20,3,"TIAN Dominique",216,"MENNUCCI Patrick",355,"DEMEESTER Dominique",51
"ELECTIONS MUNICIPALES 2014",2,2014-03-30,"MARSEILLE",21130055300016,182,1,1,4,"CINQ AVENUES","E ELEM ABEILLES ANNEXE","40 RUE DES ABEILLES",837,837,499,16,483,25,3,"TIAN Dominique",157,"MENNUCCI Patrick",280,"DEMEESTER Dominique",46
"ELECTIONS MUNICIPALES 2014",2,2014-03-30,"MARSEILLE",21130055300016,183,1,1,4,"CINQ AVENUES","E ELEM ABEILLES ANNEXE","40 RUE DES ABEILLES",1232,1232,708,22,686,22,3,"TIAN Dominique",209,"MENNUCCI Patrick",384,"DEMEESTER Dominique",93
"ELECTIONS MUNICIPALES 2014",2,2014-03-30,"MARSEILLE",21130055300016,184,1,1,4,"CINQ AVENUES","E ELEM ABEILLES","ENTREE 11 RUE DES ABEILLES",1228,1228,654,24,630,18,3,"TIAN Dominique",179,"MENNUCCI Patrick",373,"DEMEESTER Dominique",78
"ELECTIONS MUNICIPALES 2014",2,2014-03-30,"MARSEILLE",21130055300016,186,1,1,4,"CINQ AVENUES","E ELEM ABEILLES","ENTREE 11 RUE DES ABEILLES",1335,1335,780,33,747,29,3,"TIAN Dominique",225,"MENNUCCI Patrick",432,"DEMEESTER Dominique",90
"ELECTIONS MUNICIPALES 2014",2,2014-03-30,"MARSEILLE",21130055300016,187,1,1,4,"CINQ AVENUES","E MAT CONSOLAT","160 RUE CONSOLAT",1318,1318,779,39,740,17,3,"TIAN Dominique",253,"MENNUCCI Patrick",370,"DEMEESTER Dominique",117
"ELECTIONS MUNICIPALES 2014",2,2014-03-30,"MARSEILLE",21130055300016,188,1,1,4,"CINQ AVENUES","E ELEM LEVERRIER","8 PCE LEVERRIER",1316,1316,810,35,775,17,3,"TIAN Dominique",276,"MENNUCCI Patrick",347,"DEMEESTER Dominique",152
"ELECTIONS MUNICIPALES 2014",2,2014-03-30,"MARSEILLE",21130055300016,201,2,2,4,"GRANDS CARMES","SALLE BARGEMON  HOTEL DE VILLE","PCE VILLENEUVE BARGEMON",829,829,514,30,484,11,3,"BIAGGI Solange",272,"CASELLI Eugène",133,"MARTI  Jeanne",79
"ELECTIONS MUNICIPALES 2014",2,2014-03-30,"MARSEILLE",21130055300016,202,2,2,4,"GRANDS CARMES","CENTRE D'ANIMATION ET LOISIRS","13 RUE DES MARTEGALES",704,704,475,10,465,24,3,"BIAGGI Solange",282,"CASELLI Eugène",98,"MARTI  Jeanne",85
"ELECTIONS MUNICIPALES 2014",2,2014-03-30,"MARSEILLE",21130055300016,204,2,2,4,"GRANDS CARMES","HOTEL DE VILLE PAVILLON DAVIEL","PCE DU MAZEAU",702,702,443,17,426,21,3,"BIAGGI Solange",198,"CASELLI Eugène",156,"MARTI  Jeanne",72
"ELECTIONS MUNICIPALES 2014",2,2014-03-30,"MARSEILLE",21130055300016,231,2,2,4,"GRANDS CARMES","E MAT MOULINS","1 RUE DES MUETTES",711,711,382,21,361,12,3,"BIAGGI Solange",143,"CASELLI Eugène",173,"MARTI  Jeanne",45
"ELECTIONS MUNICIPALES 2014",2,2014-03-30,"MARSEILLE",21130055300016,233,2,2,4,"GRANDS CARMES","E ELEM MAJOR","41A  RUE DE L'EVECHE",969,969,602,30,572,13,3,"BIAGGI Solange",303,"CASELLI Eugène",181,"MARTI  Jeanne",88
"ELECTIONS MUNICIPALES 2014",2,2014-03-30,"MARSEILLE",21130055300016,235,2,2,4,"GRANDS CARMES","E ELEM MAJOR","41A  RUE DE L'EVECHE",1022,1022,519,10,509,14,3,"BIAGGI Solange",274,"CASELLI Eugène",161,"MARTI  Jeanne",74
"ELECTIONS MUNICIPALES 2014",2,2014-03-30,"MARSEILLE",21130055300016,237,2,2,4,"GRANDS CARMES","E MAT FRANCOIS MOISSON","26 RUE FRANCOIS MOISSON",378,378,221,8,213,5,3,"BIAGGI Solange",114,"CASELLI Eugène",71,"MARTI  Jeanne",28
"ELECTIONS MUNICIPALES 2014",2,2014-03-30,"MARSEILLE",21130055300016,238,2,2,4,"GRANDS CARMES","E MAT FRANCOIS MOISSON","26 RUE FRANCOIS MOISSON",950,950,512,19,493,12,3,"BIAGGI Solange",217,"CASELLI Eugène",216,"MARTI  Jeanne",60
"ELECTIONS MUNICIPALES 2014",2,2014-03-30,"MARSEILLE",21130055300016,251,2,2,4,"GRANDS CARMES","E MAT DAMES","6 RUE DU TERRAS",921,921,390,16,374,7,3,"BIAGGI Solange",182,"CASELLI Eugène",146,"MARTI  Jeanne",46
"ELECTIONS MUNICIPALES 2014",2,2014-03-30,"MARSEILLE",21130055300016,252,2,2,4,"GRANDS CARMES","E MAT DAMES","6 RUE DU TERRAS",1362,1362,711,33,678,15,3,"BIAGGI Solange",312,"CASELLI Eugène",247,"MARTI  Jeanne",119
"ELECTIONS MUNICIPALES 2014",2,2014-03-30,"MARSEILLE",21130055300016,253,2,2,4,"GRANDS CARMES","E MAT VINCENT LEBLANC","36 RUE VINCENT LEBLANC",972,972,485,20,465,2,3,"BIAGGI Solange",248,"CASELLI Eugène",151,"MARTI  Jeanne",66
"ELECTIONS MUNICIPALES 2014",2,2014-03-30,"MARSEILLE",21130055300016,254,2,2,4,"GRANDS CARMES","E ELEM VINCENT LEBLANC","32 RUE VINCENT LEBLANC",1066,1066,579,32,547,13,3,"BIAGGI Solange",281,"CASELLI Eugène",172,"MARTI  Jeanne",94
"ELECTIONS MUNICIPALES 2014",2,2014-03-30,"MARSEILLE",21130055300016,255,2,2,4,"GRANDS CARMES","E ELEM VINCENT LEBLANC","32 RUE VINCENT LEBLANC",1066,1066,494,21,473,10,3,"BIAGGI Solange",242,"CASELLI Eugène",158,"MARTI  Jeanne",73
"ELECTIONS MUNICIPALES 2014",2,2014-03-30,"MARSEILLE",21130055300016,281,2,2,4,"GRANDS CARMES","E ELEM MADRAGUE VILLE","141 CHE DE LA MADRAGUE VILLE",442,442,212,4,208,2,3,"BIAGGI Solange",90,"CASELLI Eugène",46,"MARTI  Jeanne",72
"ELECTIONS MUNICIPALES 2014",2,2014-03-30,"MARSEILLE",21130055300016,301,3,2,4,"BELLE DE MAI","E ELEM PEYSSONNEL","ENTREE 3 RUE DE RUFFI",651,651,330,9,321,6,3,"BIAGGI Solange",187,"CASELLI Eugène",70,"MARTI  Jeanne",64
"ELECTIONS MUNICIPALES 2014",2,2014-03-30,"MARSEILLE",21130055300016,302,3,2,4,"BELLE DE MAI","E MAT PEYSSONNEL","16 RUE PEYSSONNEL",700,700,380,11,369,3,3,"BIAGGI Solange",174,"CASELLI Eugène",100,"MARTI  Jeanne",95
"ELECTIONS MUNICIPALES 2014",2,2014-03-30,"MARSEILLE",21130055300016,303,3,2,4,"BELLE DE MAI","E MAT PEYSSONNEL","16 RUE PEYSSONNEL",702,702,403,15,388,2,3,"BIAGGI Solange",196,"CASELLI Eugène",86,"MARTI  Jeanne",106
"ELECTIONS MUNICIPALES 2014",2,2014-03-30,"MARSEILLE",21130055300016,351,3,2,4,"BELLE DE MAI","E MAT SAINT CHARLES I","47 RUE LUCIEN ROLMER",809,809,469,14,455,6,3,"BIAGGI Solange",239,"CASELLI Eugène",126,"MARTI  Jeanne",90
"ELECTIONS MUNICIPALES 2014",2,2014-03-30,"MARSEILLE",21130055300016,352,3,2,4,"BELLE DE MAI","E ELEM SAINT CHARLES II","36 RUE DU 141EME R.I.A.",1179,1179,529,23,506,4,3,"BIAGGI Solange",201,"CASELLI Eugène",215,"MARTI  Jeanne",90
"ELECTIONS MUNICIPALES 2014",2,2014-03-30,"MARSEILLE",21130055300016,353,3,2,4,"BELLE DE MAI","E ELEM KLEBER","ENTREE 11 RUE D'AMIENS",783,783,364,24,340,3,3,"BIAGGI Solange",169,"CASELLI Eugène",118,"MARTI  Jeanne",53
"ELECTIONS MUNICIPALES 2014",2,2014-03-30,"MARSEILLE",21130055300016,354,3,2,4,"BELLE DE MAI","E MAT KLEBER","27 RUE KLEBER",920,920,417,11,406,5,3,"BIAGGI Solange",200,"CASELLI Eugène",124,"MARTI  Jeanne",82
"ELECTIONS MUNICIPALES 2014",2,2014-03-30,"MARSEILLE",21130055300016,356,3,2,4,"BELLE DE MAI","E MAT FONSCOLOMBE","7 RUE ANDRE CHAMSON",1370,1370,637,28,609,8,3,"BIAGGI Solange",339,"CASELLI Eugène",173,"MARTI  Jeanne",97
"ELECTIONS MUNICIPALES 2014",2,2014-03-30,"MARSEILLE",21130055300016,357,3,2,4,"SAINT MAURONT","E ELEM PARC BELLEVUE","143 RUE FELIX PYAT",1205,1205,486,27,459,9,3,"BIAGGI Solange",214,"CASELLI Eugène",203,"MARTI  Jeanne",42
"ELECTIONS MUNICIPALES 2014",2,2014-03-30,"MARSEILLE",21130055300016,358,3,2,4,"SAINT MAURONT","E ELEM PARC BELLEVUE","143 RUE FELIX PYAT",1500,1500,642,33,609,5,3,"BIAGGI Solange",349,"CASELLI Eugène",216,"MARTI  Jeanne",44
"ELECTIONS MUNICIPALES 2014",2,2014-03-30,"MARSEILLE",21130055300016,360,3,2,4,"SAINT MAURONT","E MAT REVOLUTION ANNEXE II","55 AVE EDOUARD VAILLANT",868,868,457,16,441,10,3,"BIAGGI Solange",181,"CASELLI Eugène",129,"MARTI  Jeanne",131
"ELECTIONS MUNICIPALES 2014",2,2014-03-30,"MARSEILLE",21130055300016,361,3,2,4,"SAINT MAURONT","E ELEM REVOLUTION","38 ET 47 RUE DU JET D'EAU",563,563,245,7,238,2,3,"BIAGGI Solange",97,"CASELLI Eugène",84,"MARTI  Jeanne",57
"ELECTIONS MUNICIPALES 2014",2,2014-03-30,"MARSEILLE",21130055300016,362,3,2,4,"SAINT MAURONT","E ELEM REVOLUTION","38 ET 47 RUE DU JET D'EAU",1001,1001,443,19,424,6,3,"BIAGGI Solange",188,"CASELLI Eugène",123,"MARTI  Jeanne",113
"ELECTIONS MUNICIPALES 2014",2,2014-03-30,"MARSEILLE",21130055300016,363,3,2,4,"SAINT MAURONT","E MAT POMMIER","3 RUE POMMIER",1248,1248,513,18,495,2,3,"BIAGGI Solange",189,"CASELLI Eugène",185,"MARTI  Jeanne",121
"ELECTIONS MUNICIPALES 2014",2,2014-03-30,"MARSEILLE",21130055300016,364,3,2,4,"BELLE DE MAI","E MAT POMMIER","6 RUE POMMIER",851,851,410,21,389,6,3,"BIAGGI Solange",174,"CASELLI Eugène",130,"MARTI  Jeanne",85
"ELECTIONS MUNICIPALES 2014",2,2014-03-30,"MARSEILLE",21130055300016,365,3,2,4,"BELLE DE MAI","E ELEM NATIONAL","175 BD NATIONAL",523,523,227,10,217,6,3,"BIAGGI Solange",78,"CASELLI Eugène",69,"MARTI  Jeanne",70
"ELECTIONS MUNICIPALES 2014",2,2014-03-30,"MARSEILLE",21130055300016,366,3,2,4,"BELLE DE MAI","E MAT POMMIER","6 RUE POMMIER",1189,1189,574,26,548,7,3,"BIAGGI Solange",248,"CASELLI Eugène",191,"MARTI  Jeanne",109
"ELECTIONS MUNICIPALES 2014",2,2014-03-30,"MARSEILLE",21130055300016,368,3,2,4,"BELLE DE MAI","E ELEM BERNARD CADENAT","3 PCE BERNARD CADENAT",904,904,428,20,408,4,3,"BIAGGI Solange",151,"CASELLI Eugène",145,"MARTI  Jeanne",112
"ELECTIONS MUNICIPALES 2014",2,2014-03-30,"MARSEILLE",21130055300016,369,3,2,4,"BELLE DE MAI","E ELEM BERNARD CADENAT","3 PCE BERNARD CADENAT",606,606,330,17,313,3,3,"BIAGGI Solange",110,"CASELLI Eugène",95,"MARTI  Jeanne",108
"ELECTIONS MUNICIPALES 2014",2,2014-03-30,"MARSEILLE",21130055300016,370,3,2,4,"BELLE DE MAI","MAISON POUR TOUS BELLE DE MAI","1 BD BOYER",958,958,475,23,452,15,3,"BIAGGI Solange",198,"CASELLI Eugène",124,"MARTI  Jeanne",130
"ELECTIONS MUNICIPALES 2014",2,2014-03-30,"MARSEILLE",21130055300016,371,3,2,4,"BELLE DE MAI","MAISON POUR TOUS BELLE DE MAI","1 BD BOYER",940,940,485,14,471,7,3,"BIAGGI Solange",175,"CASELLI Eugène",122,"MARTI  Jeanne",174
"ELECTIONS MUNICIPALES 2014",2,2014-03-30,"MARSEILLE",21130055300016,401,4,3,5,"CINQ AVENUES","E ELEM LEVERRIER","8 PCE LEVERRIER",1080,1080,708,19,689,20,3,"BAUMANN Jean-Pierre",132,"CARLOTTI Marie-Arlette",276,"GILLES  Bruno",281
"ELECTIONS MUNICIPALES 2014",2,2014-03-30,"MARSEILLE",21130055300016,402,4,3,5,"CINQ AVENUES","E ELEM CHARTREUX","ENTREE 12 RUE LOUIS GIBERT",1189,1189,753,32,721,26,3,"BAUMANN Jean-Pierre",91,"CARLOTTI Marie-Arlette",338,"GILLES  Bruno",292
"ELECTIONS MUNICIPALES 2014",2,2014-03-30,"MARSEILLE",21130055300016,404,4,3,5,"BLANCARDE","GR SCOL CHARTREUX EUGENE CAS","217 AVE DES CHARTREUX",1161,1161,755,26,729,17,3,"BAUMANN Jean-Pierre",169,"CARLOTTI Marie-Arlette",237,"GILLES  Bruno",323
"ELECTIONS MUNICIPALES 2014",2,2014-03-30,"MARSEILLE",21130055300016,406,4,3,5,"BLANCARDE","GR SCOL CHARTREUX EUGENE CAS","217 AVE DES CHARTREUX",1242,1242,747,19,728,9,3,"BAUMANN Jean-Pierre",149,"CARLOTTI Marie-Arlette",191,"GILLES  Bruno",388
"ELECTIONS MUNICIPALES 2014",2,2014-03-30,"MARSEILLE",21130055300016,407,4,3,5,"CINQ AVENUES","E ELEM CHARTREUX","ENTREE 12 RUE LOUIS GIBERT",1056,1056,602,19,583,11,3,"BAUMANN Jean-Pierre",127,"CARLOTTI Marie-Arlette",207,"GILLES  Bruno",249
"ELECTIONS MUNICIPALES 2014",2,2014-03-30,"MARSEILLE",21130055300016,408,4,3,5,"BLANCARDE","E MAT FEUILLERAIE","87 BD DE ROUX",652,652,383,16,367,8,3,"BAUMANN Jean-Pierre",74,"CARLOTTI Marie-Arlette",118,"GILLES  Bruno",175
"ELECTIONS MUNICIPALES 2014",2,2014-03-30,"MARSEILLE",21130055300016,409,4,3,5,"BLANCARDE","E ELEM SAINTE SOPHIE","4 RUE SAINTE SOPHIE",792,792,472,20,452,9,3,"BAUMANN Jean-Pierre",94,"CARLOTTI Marie-Arlette",149,"GILLES  Bruno",209
"ELECTIONS MUNICIPALES 2014",2,2014-03-30,"MARSEILLE",21130055300016,410,4,3,5,"BLANCARDE","E ELEM SAINTE SOPHIE","4 RUE SAINTE SOPHIE",688,688,405,12,393,3,3,"BAUMANN Jean-Pierre",103,"CARLOTTI Marie-Arlette",112,"GILLES  Bruno",178
"ELECTIONS MUNICIPALES 2014",2,2014-03-30,"MARSEILLE",21130055300016,421,4,3,5,"CINQ AVENUES","E ELEM DAHDAH","15 BD DAHDAH",1431,1431,808,31,777,22,3,"BAUMANN Jean-Pierre",166,"CARLOTTI Marie-Arlette",272,"GILLES  Bruno",339
"ELECTIONS MUNICIPALES 2014",2,2014-03-30,"MARSEILLE",21130055300016,422,4,3,5,"BLANCARDE","E ELEM DAHDAH","15 BD DAHDAH",1125,1125,695,29,666,21,3,"BAUMANN Jean-Pierre",129,"CARLOTTI Marie-Arlette",210,"GILLES  Bruno",327
"ELECTIONS MUNICIPALES 2014",2,2014-03-30,"MARSEILLE",21130055300016,424,4,3,5,"BLANCARDE","E MAT CHUTES LAVIE HLM MEDITERRANEE","1BIS AVE DES CHUTES LAVIE",858,858,576,23,553,8,3,"BAUMANN Jean-Pierre",118,"CARLOTTI Marie-Arlette",132,"GILLES  Bruno",303
"ELECTIONS MUNICIPALES 2014",2,2014-03-30,"MARSEILLE",21130055300016,425,4,3,5,"BLANCARDE","E MAT CHUTES LAVIE HLM MEDITERRANEE","1BIS AVE DES CHUTES LAVIE",795,795,535,17,518,9,3,"BAUMANN Jean-Pierre",98,"CARLOTTI Marie-Arlette",115,"GILLES  Bruno",305
"ELECTIONS MUNICIPALES 2014",2,2014-03-30,"MARSEILLE",21130055300016,426,4,3,5,"BLANCARDE","GR SCOL CHARTREUX EUGENE CAS","ENTREE 5 RUE EUGENE CAS",786,786,473,16,457,3,3,"BAUMANN Jean-Pierre",118,"CARLOTTI Marie-Arlette",106,"GILLES  Bruno",233
"ELECTIONS MUNICIPALES 2014",2,2014-03-30,"MARSEILLE",21130055300016,427,4,3,5,"BLANCARDE","GR SCOL CHARTREUX EUGENE CAS","ENTREE 5 RUE EUGENE CAS",669,669,383,11,372,5,3,"BAUMANN Jean-Pierre",95,"CARLOTTI Marie-Arlette",73,"GILLES  Bruno",204
"ELECTIONS MUNICIPALES 2014",2,2014-03-30,"MARSEILLE",21130055300016,428,4,3,5,"BLANCARDE","E MAT CHARTREUX ALBE","19 RUE VINCENT FAITA",1338,1338,772,28,744,7,3,"BAUMANN Jean-Pierre",177,"CARLOTTI Marie-Arlette",182,"GILLES  Bruno",385
"ELECTIONS MUNICIPALES 2014",2,2014-03-30,"MARSEILLE",21130055300016,441,4,3,5,"BLANCARDE","E MAT SAINTE SOPHIE","2 RUE SAINTE SOPHIE",778,778,471,16,455,6,3,"BAUMANN Jean-Pierre",78,"CARLOTTI Marie-Arlette",126,"GILLES  Bruno",251
"ELECTIONS MUNICIPALES 2014",2,2014-03-30,"MARSEILLE",21130055300016,442,4,3,5,"BLANCARDE","E MAT FEUILLERAIE","87 BD DE ROUX",726,726,446,22,424,8,3,"BAUMANN Jean-Pierre",98,"CARLOTTI Marie-Arlette",118,"GILLES  Bruno",208
"ELECTIONS MUNICIPALES 2014",2,2014-03-30,"MARSEILLE",21130055300016,443,4,3,5,"BLANCARDE","E MAT FEUILLERAIE","87 BD DE ROUX",836,836,535,32,503,8,3,"BAUMANN Jean-Pierre",136,"CARLOTTI Marie-Arlette",104,"GILLES  Bruno",263
"ELECTIONS MUNICIPALES 2014",2,2014-03-30,"MARSEILLE",21130055300016,451,4,3,5,"CINQ AVENUES","E MAT SAINT VINCENT DE PAUL","39 RUE CHAPE",1077,1077,675,32,643,26,3,"BAUMANN Jean-Pierre",88,"CARLOTTI Marie-Arlette",293,"GILLES  Bruno",262
"ELECTIONS MUNICIPALES 2014",2,2014-03-30,"MARSEILLE",21130055300016,452,4,3,5,"CINQ AVENUES","CENTRE FISSIAUX","2 AVE DU MARECHAL FOCH",1062,1062,684,14,670,23,3,"BAUMANN Jean-Pierre",69,"CARLOTTI Marie-Arlette",263,"GILLES  Bruno",338
"ELECTIONS MUNICIPALES 2014",2,2014-03-30,"MARSEILLE",21130055300016,453,4,3,5,"CINQ AVENUES","CENTRE FISSIAUX","2 AVE DU MARECHAL FOCH",846,846,576,16,560,16,3,"BAUMANN Jean-Pierre",91,"CARLOTTI Marie-Arlette",181,"GILLES  Bruno",288
"ELECTIONS MUNICIPALES 2014",2,2014-03-30,"MARSEILLE",21130055300016,454,4,3,5,"CINQ AVENUES","CENTRE FISSIAUX","2 AVE DU MARECHAL FOCH",1016,1016,638,18,620,16,3,"BAUMANN Jean-Pierre",114,"CARLOTTI Marie-Arlette",189,"GILLES  Bruno",317
"ELECTIONS MUNICIPALES 2014",2,2014-03-30,"MARSEILLE",21130055300016,455,4,3,5,"CINQ AVENUES","E MAT ABBE DE L'EPEE","7BIS SQ SIDI BRAHIM",798,798,516,16,500,18,3,"BAUMANN Jean-Pierre",86,"CARLOTTI Marie-Arlette",143,"GILLES  Bruno",271
"ELECTIONS MUNICIPALES 2014",2,2014-03-30,"MARSEILLE",21130055300016,456,4,3,5,"CINQ AVENUES","E MAT ABBE DE L'EPEE","7BIS SQ SIDI BRAHIM",960,960,634,24,610,19,3,"BAUMANN Jean-Pierre",87,"CARLOTTI Marie-Arlette",187,"GILLES  Bruno",336
"ELECTIONS MUNICIPALES 2014",2,2014-03-30,"MARSEILLE",21130055300016,471,4,3,5,"BLANCARDE","E ELEM BOISSON","ENTREE 1 RUE YVES CHAPUIS",976,976,576,24,552,17,3,"BAUMANN Jean-Pierre",97,"CARLOTTI Marie-Arlette",149,"GILLES  Bruno",306
"ELECTIONS MUNICIPALES 2014",2,2014-03-30,"MARSEILLE",21130055300016,473,4,3,5,"BLANCARDE","E ELEM BOISSON","ENTREE 1 RUE YVES CHAPUIS",1123,1123,696,16,680,11,3,"BAUMANN Jean-Pierre",178,"CARLOTTI Marie-Arlette",156,"GILLES  Bruno",346
"ELECTIONS MUNICIPALES 2014",2,2014-03-30,"MARSEILLE",21130055300016,474,4,3,5,"BLANCARDE","E MAT BOTINELLY","21 BD LOUIS BOTINELLY",1232,1232,738,18,720,20,3,"BAUMANN Jean-Pierre",171,"CARLOTTI Marie-Arlette",200,"GILLES  Bruno",349
"ELECTIONS MUNICIPALES 2014",2,2014-03-30,"MARSEILLE",21130055300016,475,4,3,5,"BLANCARDE","E MAT BOTINELLY","21 BD LOUIS BOTINELLY",898,898,532,28,504,13,3,"BAUMANN Jean-Pierre",121,"CARLOTTI Marie-Arlette",163,"GILLES  Bruno",220
"ELECTIONS MUNICIPALES 2014",2,2014-03-30,"MARSEILLE",21130055300016,491,4,3,5,"BLANCARDE","E ELEM SAINT PIERRE","12 BD LOUIS FRANGIN",1150,1150,631,16,615,20,3,"BAUMANN Jean-Pierre",123,"CARLOTTI Marie-Arlette",180,"GILLES  Bruno",312
"ELECTIONS MUNICIPALES 2014",2,2014-03-30,"MARSEILLE",21130055300016,501,5,3,4,"CAMAS","E ELEM FRANKLIN D. ROOSEVELT","5 RUE DE TIVOLI",950,950,606,19,587,21,3,"BAUMANN Jean-Pierre",70,"CARLOTTI Marie-Arlette",310,"GILLES  Bruno",207
"ELECTIONS MUNICIPALES 2014",2,2014-03-30,"MARSEILLE",21130055300016,502,5,3,4,"CAMAS","E ELEM FRANKLIN D. ROOSEVELT","5 RUE DE TIVOLI",737,737,489,14,475,39,3,"BAUMANN Jean-Pierre",63,"CARLOTTI Marie-Arlette",267,"GILLES  Bruno",145
"ELECTIONS MUNICIPALES 2014",2,2014-03-30,"MARSEILLE",21130055300016,504,5,3,4,"CAMAS","E MAT ALEXANDRE COPELLO ANNEXE","7 RUE ALEXANDRE COPELLO",1178,1178,751,32,719,22,3,"BAUMANN Jean-Pierre",79,"CARLOTTI Marie-Arlette",387,"GILLES  Bruno",253
"ELECTIONS MUNICIPALES 2014",2,2014-03-30,"MARSEILLE",21130055300016,505,5,3,5,"CAMAS","E MAT ALEXANDRE COPELLO ANNEXE","7 RUE ALEXANDRE COPELLO",1140,1140,678,31,647,18,3,"BAUMANN Jean-Pierre",91,"CARLOTTI Marie-Arlette",315,"GILLES  Bruno",241
"ELECTIONS MUNICIPALES 2014",2,2014-03-30,"MARSEILLE",21130055300016,506,5,3,4,"CAMAS","E MAT ALEXANDRE COPELLO","10 RUE DES CLAIRISTES",1347,1347,787,39,748,28,3,"BAUMANN Jean-Pierre",116,"CARLOTTI Marie-Arlette",368,"GILLES  Bruno",264
"ELECTIONS MUNICIPALES 2014",2,2014-03-30,"MARSEILLE",21130055300016,508,5,3,5,"CAMAS","E MAT ALEXANDRE COPELLO","10 RUE DES CLAIRISTES",1020,1020,636,28,608,17,3,"BAUMANN Jean-Pierre",85,"CARLOTTI Marie-Arlette",270,"GILLES  Bruno",253
"ELECTIONS MUNICIPALES 2014",2,2014-03-30,"MARSEILLE",21130055300016,510,5,3,5,"CAMAS","E ELEM OLIVIER GILLIBERT","ENTREE 28 RUE LOUIS ASTRUC",968,968,599,27,572,17,3,"BAUMANN Jean-Pierre",93,"CARLOTTI Marie-Arlette",222,"GILLES  Bruno",257
"ELECTIONS MUNICIPALES 2014",2,2014-03-30,"MARSEILLE",21130055300016,511,5,3,5,"CAMAS","E ELEM OLIVIER GILLIBERT","ENTREE 28 RUE LOUIS ASTRUC",769,769,476,23,453,8,3,"BAUMANN Jean-Pierre",74,"CARLOTTI Marie-Arlette",155,"GILLES  Bruno",224
"ELECTIONS MUNICIPALES 2014",2,2014-03-30,"MARSEILLE",21130055300016,512,5,3,5,"CAMAS","E ELEM ABBE DE L'EPEE","12 SQ SIDI BRAHIM",1222,1222,826,19,807,24,3,"BAUMANN Jean-Pierre",113,"CARLOTTI Marie-Arlette",283,"GILLES  Bruno",411
"ELECTIONS MUNICIPALES 2014",2,2014-03-30,"MARSEILLE",21130055300016,513,5,3,5,"CAMAS","E ELEM ABBE DE L'EPEE","12 SQ SIDI BRAHIM",1096,1096,689,24,665,23,3,"BAUMANN Jean-Pierre",94,"CARLOTTI Marie-Arlette",289,"GILLES  Bruno",282
"ELECTIONS MUNICIPALES 2014",2,2014-03-30,"MARSEILLE",21130055300016,514,5,3,5,"CAMAS","GR SCOL CHAVE","191 BD CHAVE",1265,1265,785,24,761,24,3,"BAUMANN Jean-Pierre",126,"CARLOTTI Marie-Arlette",212,"GILLES  Bruno",423
"ELECTIONS MUNICIPALES 2014",2,2014-03-30,"MARSEILLE",21130055300016,515,5,3,5,"CAMAS","GR SCOL CHAVE","191 BD CHAVE",888,888,526,14,512,11,3,"BAUMANN Jean-Pierre",95,"CARLOTTI Marie-Arlette",129,"GILLES  Bruno",288
"ELECTIONS MUNICIPALES 2014",2,2014-03-30,"MARSEILLE",21130055300016,551,5,3,5,"NOTRE DAME DU MONT","E ELEM LOUBIERE","ENTREE 59 RUE FRANCOIS ARAGO",1284,1284,743,30,713,52,3,"BAUMANN Jean-Pierre",129,"CARLOTTI Marie-Arlette",283,"GILLES  Bruno",301
"ELECTIONS MUNICIPALES 2014",2,2014-03-30,"MARSEILLE",21130055300016,552,5,3,5,"NOTRE DAME DU MONT","E ELEM LOUBIERE","ENTREE 59 RUE FRANCOIS ARAGO",1059,1059,616,30,586,5,3,"BAUMANN Jean-Pierre",116,"CARLOTTI Marie-Arlette",203,"GILLES  Bruno",267
"ELECTIONS MUNICIPALES 2014",2,2014-03-30,"MARSEILLE",21130055300016,554,5,3,5,"NOTRE DAME DU MONT","E ELEM MENPENTI","161 AVE DE TOULON",1227,1227,700,36,664,22,3,"BAUMANN Jean-Pierre",141,"CARLOTTI Marie-Arlette",203,"GILLES  Bruno",320
"ELECTIONS MUNICIPALES 2014",2,2014-03-30,"MARSEILLE",21130055300016,555,5,3,5,"NOTRE DAME DU MONT","E ELEM SAINTE CECILE","ENTREE 4 RUE CAPITAINE GALINAT",926,926,489,18,471,10,3,"BAUMANN Jean-Pierre",84,"CARLOTTI Marie-Arlette",178,"GILLES  Bruno",209
"ELECTIONS MUNICIPALES 2014",2,2014-03-30,"MARSEILLE",21130055300016,556,5,3,5,"CAPELETTE","E ELEM SAINTE CECILE","ENTREE 4 RUE CAPITAINE GALINAT",1272,1272,708,23,685,12,3,"BAUMANN Jean-Pierre",217,"CARLOTTI Marie-Arlette",206,"GILLES  Bruno",262
"ELECTIONS MUNICIPALES 2014",2,2014-03-30,"MARSEILLE",21130055300016,557,5,3,5,"NOTRE DAME DU MONT","E MAT BAILLE","250 BD BAILLE",997,997,595,18,577,23,3,"BAUMANN Jean-Pierre",81,"CARLOTTI Marie-Arlette",136,"GILLES  Bruno",360
"ELECTIONS MUNICIPALES 2014",2,2014-03-30,"MARSEILLE",21130055300016,558,5,3,5,"CAPELETTE","E MAT SAINT PIERRE","45 RUE PASCAL RUINAT",615,615,340,19,321,11,3,"BAUMANN Jean-Pierre",68,"CARLOTTI Marie-Arlette",85,"GILLES  Bruno",168
"ELECTIONS MUNICIPALES 2014",2,2014-03-30,"MARSEILLE",21130055300016,559,5,3,5,"CAMAS","E MAT SAINT PIERRE","45 RUE PASCAL RUINAT",1194,1194,758,18,740,20,3,"BAUMANN Jean-Pierre",148,"CARLOTTI Marie-Arlette",188,"GILLES  Bruno",404
"ELECTIONS MUNICIPALES 2014",2,2014-03-30,"MARSEILLE",21130055300016,560,5,3,5,"CAMAS","E ELEM SAINT PIERRE","12 BD LOUIS FRANGIN",920,920,570,20,550,14,3,"BAUMANN Jean-Pierre",112,"CARLOTTI Marie-Arlette",139,"GILLES  Bruno",299
"ELECTIONS MUNICIPALES 2014",2,2014-03-30,"MARSEILLE",21130055300016,561,5,3,5,"CAMAS","E ELEM SAINT PIERRE","12 BD LOUIS FRANGIN",1096,1096,630,20,610,18,3,"BAUMANN Jean-Pierre",116,"CARLOTTI Marie-Arlette",175,"GILLES  Bruno",319
"ELECTIONS MUNICIPALES 2014",2,2014-03-30,"MARSEILLE",21130055300016,563,5,3,5,"CAMAS","E MAT SAINT PIERRE","45 RUE PASCAL RUINAT",1052,1052,676,17,659,17,3,"BAUMANN Jean-Pierre",146,"CARLOTTI Marie-Arlette",155,"GILLES  Bruno",358
"ELECTIONS MUNICIPALES 2014",2,2014-03-30,"MARSEILLE",21130055300016,701,7,1,2,"BELSUNCE","E MAT NEUVE SAINTE CATHERINE","17 RUE NEUVE SAINTE CATHERINE",838,838,493,14,479,13,3,"TIAN Dominique",225,"MENNUCCI Patrick",179,"DEMEESTER Dominique",75
"ELECTIONS MUNICIPALES 2014",2,2014-03-30,"MARSEILLE",21130055300016,702,7,1,2,"BELSUNCE","E MAT NEUVE SAINTE CATHERINE","17 RUE NEUVE SAINTE CATHERINE",739,739,440,19,421,17,3,"TIAN Dominique",223,"MENNUCCI Patrick",136,"DEMEESTER Dominique",62
"ELECTIONS MUNICIPALES 2014",2,2014-03-30,"MARSEILLE",21130055300016,703,7,1,2,"BELSUNCE","C.A.Q. DES LICES","12 RUE DES LICES",869,869,546,19,527,23,3,"TIAN Dominique",246,"MENNUCCI Patrick",196,"DEMEESTER Dominique",85
"ELECTIONS MUNICIPALES 2014",2,2014-03-30,"MARSEILLE",21130055300016,721,7,1,2,"SAINT LAMBERT","PALAIS DE LA BOURSE","9 LA CANEBIERE",146,146,100,3,97,10,3,"TIAN Dominique",51,"MENNUCCI Patrick",26,"DEMEESTER Dominique",20
"ELECTIONS MUNICIPALES 2014",2,2014-03-30,"MARSEILLE",21130055300016,751,7,1,2,"SAINT LAMBERT","C.A.Q. DES LICES","12 RUE DES LICES",1268,1268,769,15,754,12,3,"TIAN Dominique",378,"MENNUCCI Patrick",248,"DEMEESTER Dominique",128
"ELECTIONS MUNICIPALES 2014",2,2014-03-30,"MARSEILLE",21130055300016,752,7,1,2,"BELSUNCE","GR SCOL PHARO CATALANS","RUE DES CATALANS",754,754,471,21,450,21,3,"TIAN Dominique",216,"MENNUCCI Patrick",116,"DEMEESTER Dominique",118
"ELECTIONS MUNICIPALES 2014",2,2014-03-30,"MARSEILLE",21130055300016,753,7,1,2,"SAINT LAMBERT","GR SCOL PHARO CATALANS","RUE DES CATALANS",1130,1130,712,13,699,30,3,"TIAN Dominique",356,"MENNUCCI Patrick",191,"DEMEESTER Dominique",152
"ELECTIONS MUNICIPALES 2014",2,2014-03-30,"MARSEILLE",21130055300016,754,7,1,2,"SAINT LAMBERT","GR SCOL PHARO CATALANS","RUE DES CATALANS",907,907,581,15,566,21,3,"TIAN Dominique",301,"MENNUCCI Patrick",162,"DEMEESTER Dominique",103
"ELECTIONS MUNICIPALES 2014",2,2014-03-30,"MARSEILLE",21130055300016,755,7,1,2,"BELSUNCE","GR SCOL PHARO CATALANS","RUE DES CATALANS",861,861,561,20,541,18,3,"TIAN Dominique",305,"MENNUCCI Patrick",137,"DEMEESTER Dominique",99
"ELECTIONS MUNICIPALES 2014",2,2014-03-30,"MARSEILLE",21130055300016,756,7,1,2,"BELSUNCE","E MAT PAUL CODACCIONI","22 RUE PAUL CODACCIONI",1042,1042,656,25,631,16,3,"TIAN Dominique",311,"MENNUCCI Patrick",190,"DEMEESTER Dominique",130
"ELECTIONS MUNICIPALES 2014",2,2014-03-30,"MARSEILLE",21130055300016,757,7,1,2,"BELSUNCE","E MAT PAUL CODACCIONI","22 RUE PAUL CODACCIONI",1131,1131,753,23,730,13,3,"TIAN Dominique",361,"MENNUCCI Patrick",222,"DEMEESTER Dominique",147
"ELECTIONS MUNICIPALES 2014",2,2014-03-30,"MARSEILLE",21130055300016,759,7,1,2,"SAINT LAMBERT","E MAT ROUCAS BLANC","44 CHE DU ROUCAS BLANC",1091,1091,699,15,684,16,3,"TIAN Dominique",328,"MENNUCCI Patrick",198,"DEMEESTER Dominique",158
"ELECTIONS MUNICIPALES 2014",2,2014-03-30,"MARSEILLE",21130055300016,760,7,1,2,"SAINT LAMBERT","E MAT ROUCAS BLANC","44 CHE DU ROUCAS BLANC",1071,1071,682,9,673,12,3,"TIAN Dominique",283,"MENNUCCI Patrick",265,"DEMEESTER Dominique",125
"ELECTIONS MUNICIPALES 2014",2,2014-03-30,"MARSEILLE",21130055300016,761,7,1,2,"SAINT LAMBERT","GR SCOL MARIUS THOMAS","3 IMP DE LA GAVELIERE",694,694,436,13,423,13,3,"TIAN Dominique",196,"MENNUCCI Patrick",132,"DEMEESTER Dominique",95
"ELECTIONS MUNICIPALES 2014",2,2014-03-30,"MARSEILLE",21130055300016,762,7,1,2,"SAINT LAMBERT","GR SCOL MARIUS THOMAS","3 IMP DE LA GAVELIERE",898,898,576,14,562,18,3,"TIAN Dominique",249,"MENNUCCI Patrick",215,"DEMEESTER Dominique",98
"ELECTIONS MUNICIPALES 2014",2,2014-03-30,"MARSEILLE",21130055300016,763,7,1,2,"SAINT LAMBERT","GR SCOL MARIUS THOMAS","3 IMP DE LA GAVELIERE",854,854,573,20,553,26,3,"TIAN Dominique",296,"MENNUCCI Patrick",172,"DEMEESTER Dominique",85
"ELECTIONS MUNICIPALES 2014",2,2014-03-30,"MARSEILLE",21130055300016,764,7,1,2,"SAINT LAMBERT","E ELEM CHATEAUBRIAND","46 RUE CHATEAUBRIAND",1032,1032,643,21,622,18,3,"TIAN Dominique",324,"MENNUCCI Patrick",170,"DEMEESTER Dominique",128
"ELECTIONS MUNICIPALES 2014",2,2014-03-30,"MARSEILLE",21130055300016,766,7,1,2,"SAINT LAMBERT","D.G.A.B.C. DIRECTION SUD","1 PCE SAINT EUGENE",1025,1025,707,24,683,29,3,"TIAN Dominique",312,"MENNUCCI Patrick",231,"DEMEESTER Dominique",140
"ELECTIONS MUNICIPALES 2014",2,2014-03-30,"MARSEILLE",21130055300016,767,7,1,2,"SAINT LAMBERT","MAISON DE QUARTIER SAINT GEORGES","51 RUE CHARRAS",945,945,644,16,628,33,3,"TIAN Dominique",367,"MENNUCCI Patrick",181,"DEMEESTER Dominique",80
"ELECTIONS MUNICIPALES 2014",2,2014-03-30,"MARSEILLE",21130055300016,768,7,1,2,"SAINT LAMBERT","E ELEM ROSERAIE","10 RUE PIERRE MOUREN",672,672,435,14,421,26,3,"TIAN Dominique",236,"MENNUCCI Patrick",145,"DEMEESTER Dominique",40
"ELECTIONS MUNICIPALES 2014",2,2014-03-30,"MARSEILLE",21130055300016,769,7,1,2,"SAINT LAMBERT","E ELEM ROSERAIE","10 RUE PIERRE MOUREN",734,734,487,25,462,15,3,"TIAN Dominique",229,"MENNUCCI Patrick",169,"DEMEESTER Dominique",64
"ELECTIONS MUNICIPALES 2014",2,2014-03-30,"MARSEILLE",21130055300016,770,7,1,2,"SAINT LAMBERT","E MAT ROSERAIE","11A RUE PIERRE MOUREN",903,903,598,7,591,32,3,"TIAN Dominique",351,"MENNUCCI Patrick",167,"DEMEESTER Dominique",73
"ELECTIONS MUNICIPALES 2014",2,2014-03-30,"MARSEILLE",21130055300016,771,7,1,2,"SAINT LAMBERT","E ELEM BOMPARD","4 IMP DU PLATEAU",802,802,525,7,518,17,3,"TIAN Dominique",281,"MENNUCCI Patrick",172,"DEMEESTER Dominique",65
"ELECTIONS MUNICIPALES 2014",2,2014-03-30,"MARSEILLE",21130055300016,772,7,1,2,"SAINT LAMBERT","E ELEM AMEDEE AUTRAN","12 BD AMEDEE AUTRAN",1046,1046,667,15,652,41,3,"TIAN Dominique",385,"MENNUCCI Patrick",189,"DEMEESTER Dominique",78
"ELECTIONS MUNICIPALES 2014",2,2014-03-30,"MARSEILLE",21130055300016,773,7,1,2,"SAINT LAMBERT","E MAT AMEDEE AUTRAN","10 BD AMEDEE AUTRAN",1127,1127,741,16,725,37,3,"TIAN Dominique",472,"MENNUCCI Patrick",157,"DEMEESTER Dominique",96
"ELECTIONS MUNICIPALES 2014",2,2014-03-30,"MARSEILLE",21130055300016,774,7,1,2,"SAINT LAMBERT","MAISON DE QUARTIER ROUCAS BLANC","232 CHE DU ROUCAS BLANC",1329,1329,871,34,837,54,3,"TIAN Dominique",556,"MENNUCCI Patrick",191,"DEMEESTER Dominique",90
"ELECTIONS MUNICIPALES 2014",2,2014-03-30,"MARSEILLE",21130055300016,775,7,1,2,"SAINT LAMBERT","MAISON DE QUARTIER SAINT GEORGES","51 RUE CHARRAS",525,525,335,8,327,8,3,"TIAN Dominique",165,"MENNUCCI Patrick",124,"DEMEESTER Dominique",38
"ELECTIONS MUNICIPALES 2014",2,2014-03-30,"MARSEILLE",21130055300016,901,9,5,6,"SAINTE MARGUERITE","GR SCOL RAYMOND TEISSEIRE","64 BD RABATAU",352,352,176,7,169,3,3,"ZERIBI Karim",24,"COMAS Laurent",75,"TEISSIER Guy",70
"ELECTIONS MUNICIPALES 2014",2,2014-03-30,"MARSEILLE",21130055300016,921,9,5,6,"SAINTE MARGUERITE","E MAT SQUARE MICHELET","12 BD GASTON RAMON",902,902,534,17,517,11,3,"ZERIBI Karim",95,"COMAS Laurent",109,"TEISSIER Guy",313
"ELECTIONS MUNICIPALES 2014",2,2014-03-30,"MARSEILLE",21130055300016,922,9,5,6,"SAINTE MARGUERITE","E MAT SQUARE MICHELET","12 BD GASTON RAMON",551,551,331,8,323,4,3,"ZERIBI Karim",63,"COMAS Laurent",97,"TEISSIER Guy",163
"ELECTIONS MUNICIPALES 2014",2,2014-03-30,"MARSEILLE",21130055300016,923,9,5,6,"SAINTE MARGUERITE","E ELEM COIN JOLI","12 AVE ALFRED NICOLAS",955,955,445,7,438,14,3,"ZERIBI Karim",143,"COMAS Laurent",97,"TEISSIER Guy",198
"ELECTIONS MUNICIPALES 2014",2,2014-03-30,"MARSEILLE",21130055300016,924,9,5,6,"SAINTE MARGUERITE","E ELEM COIN JOLI","12 AVE ALFRED NICOLAS",797,797,500,25,475,10,3,"ZERIBI Karim",104,"COMAS Laurent",113,"TEISSIER Guy",258
"ELECTIONS MUNICIPALES 2014",2,2014-03-30,"MARSEILLE",21130055300016,925,9,5,6,"MAZARGUES","E MAT PARC SEVIGNE","2 RUE AVIATEUR LEBRIX",827,827,457,11,446,10,3,"ZERIBI Karim",126,"COMAS Laurent",103,"TEISSIER Guy",217
"ELECTIONS MUNICIPALES 2014",2,2014-03-30,"MARSEILLE",21130055300016,926,9,5,6,"SAINTE MARGUERITE","E MAT PARC SEVIGNE","2 RUE AVIATEUR LEBRIX",580,580,302,11,291,18,3,"ZERIBI Karim",72,"COMAS Laurent",85,"TEISSIER Guy",134
"ELECTIONS MUNICIPALES 2014",2,2014-03-30,"MARSEILLE",21130055300016,927,9,5,6,"SAINTE MARGUERITE","E ELEM SAINTE MARGUERITE","135 BD DE SAINTE MARGUERITE",1255,1255,682,30,652,21,3,"ZERIBI Karim",131,"COMAS Laurent",165,"TEISSIER Guy",356
"ELECTIONS MUNICIPALES 2014",2,2014-03-30,"MARSEILLE",21130055300016,928,9,5,6,"SAINTE MARGUERITE","E ELEM SAINTE MARGUERITE","135 BD DE SAINTE MARGUERITE",1249,1249,723,28,695,9,3,"ZERIBI Karim",148,"COMAS Laurent",190,"TEISSIER Guy",357
"ELECTIONS MUNICIPALES 2014",2,2014-03-30,"MARSEILLE",21130055300016,929,9,5,6,"SAINTE MARGUERITE","MAIRIE DES 9EME ET 10EME ARRDTS","150 BD PAUL CLAUDEL",941,941,537,6,531,11,3,"ZERIBI Karim",83,"COMAS Laurent",97,"TEISSIER Guy",351
"ELECTIONS MUNICIPALES 2014",2,2014-03-30,"MARSEILLE",21130055300016,930,9,5,6,"SAINTE MARGUERITE","E ELEM PARC DROMEL","7 BD DROMEL",973,973,521,23,498,8,3,"ZERIBI Karim",83,"COMAS Laurent",131,"TEISSIER Guy",284
"ELECTIONS MUNICIPALES 2014",2,2014-03-30,"MARSEILLE",21130055300016,931,9,5,6,"SAINTE MARGUERITE","E ELEM PARC DROMEL","7 BD DROMEL",1242,1242,624,23,601,8,3,"ZERIBI Karim",124,"COMAS Laurent",177,"TEISSIER Guy",300
"ELECTIONS MUNICIPALES 2014",2,2014-03-30,"MARSEILLE",21130055300016,932,9,5,6,"SAINTE MARGUERITE","GR SCOL PAULINE","337 BD ROMAIN ROLLAND",945,945,526,22,504,8,3,"ZERIBI Karim",89,"COMAS Laurent",191,"TEISSIER Guy",224
"ELECTIONS MUNICIPALES 2014",2,2014-03-30,"MARSEILLE",21130055300016,934,9,5,6,"SAINTE MARGUERITE","GR SCOL PAULINE","337 BD ROMAIN ROLLAND",1112,1112,640,20,620,15,3,"ZERIBI Karim",128,"COMAS Laurent",198,"TEISSIER Guy",294
"ELECTIONS MUNICIPALES 2014",2,2014-03-30,"MARSEILLE",21130055300016,935,9,5,6,"MAZARGUES","E MAT PARC SEVIGNE","2 RUE AVIATEUR LEBRIX",547,547,290,11,279,5,3,"ZERIBI Karim",61,"COMAS Laurent",74,"TEISSIER Guy",144
"ELECTIONS MUNICIPALES 2014",2,2014-03-30,"MARSEILLE",21130055300016,936,9,5,6,"MAZARGUES","E ELEM GRANADOS ROY D ESPAGNE","ALLEE GRANADOS",788,788,428,17,411,9,3,"ZERIBI Karim",115,"COMAS Laurent",99,"TEISSIER Guy",197
"ELECTIONS MUNICIPALES 2014",2,2014-03-30,"MARSEILLE",21130055300016,949,9,5,6,"SAINTE MARGUERITE","MAIRIE DES 9EME ET 10EME ARRDTS","150 BD PAUL CLAUDEL",652,652,425,16,409,13,3,"ZERIBI Karim",85,"COMAS Laurent",102,"TEISSIER Guy",222
"ELECTIONS MUNICIPALES 2014",2,2014-03-30,"MARSEILLE",21130055300016,950,9,5,6,"MAZARGUES","E MAT GRANADOS ROY D'ESPAGNE","ALLEE GRANADOS",877,877,567,23,544,1,3,"ZERIBI Karim",156,"COMAS Laurent",97,"TEISSIER Guy",291
"ELECTIONS MUNICIPALES 2014",2,2014-03-30,"MARSEILLE",21130055300016,951,9,5,6,"MAZARGUES","E ELEM MAZARGUES CENTRE","3 RUE FRANCOIS BLANC",1364,1364,814,26,788,20,3,"ZERIBI Karim",167,"COMAS Laurent",149,"TEISSIER Guy",472
"ELECTIONS MUNICIPALES 2014",2,2014-03-30,"MARSEILLE",21130055300016,952,9,5,6,"MAZARGUES","E ELEM MAZARGUES CENTRE","3 RUE FRANCOIS BLANC",1282,1282,794,31,763,53,3,"ZERIBI Karim",149,"COMAS Laurent",191,"TEISSIER Guy",423
"ELECTIONS MUNICIPALES 2014",2,2014-03-30,"MARSEILLE",21130055300016,953,9,5,6,"MAZARGUES","GR SCOL SOUDE","13 AVE DE LA SOUDE",1127,1127,667,28,639,23,3,"ZERIBI Karim",129,"COMAS Laurent",192,"TEISSIER Guy",318
"ELECTIONS MUNICIPALES 2014",2,2014-03-30,"MARSEILLE",21130055300016,954,9,5,6,"MAZARGUES","GR SCOL SOUDE","13 AVE DE LA SOUDE",923,923,514,24,490,11,3,"ZERIBI Karim",154,"COMAS Laurent",107,"TEISSIER Guy",229
"ELECTIONS MUNICIPALES 2014",2,2014-03-30,"MARSEILLE",21130055300016,955,9,5,6,"MAZARGUES","GR SCOL SOUDE","13 AVE DE LA SOUDE",1161,1161,790,40,750,36,3,"ZERIBI Karim",173,"COMAS Laurent",134,"TEISSIER Guy",443
"ELECTIONS MUNICIPALES 2014",2,2014-03-30,"MARSEILLE",21130055300016,956,9,5,6,"MAZARGUES","E ELEM CALANQUES","139 CHE DE SORMIOU",1431,1431,690,26,664,16,3,"ZERIBI Karim",250,"COMAS Laurent",105,"TEISSIER Guy",309
"ELECTIONS MUNICIPALES 2014",2,2014-03-30,"MARSEILLE",21130055300016,957,9,5,6,"MAZARGUES","E MAT BAUME","11 AVE COLGATE",1213,1213,739,21,718,26,3,"ZERIBI Karim",194,"COMAS Laurent",170,"TEISSIER Guy",354
"ELECTIONS MUNICIPALES 2014",2,2014-03-30,"MARSEILLE",21130055300016,958,9,5,6,"MAZARGUES","E MAT BAUME","11 AVE COLGATE",865,865,523,12,511,19,3,"ZERIBI Karim",157,"COMAS Laurent",105,"TEISSIER Guy",249
"ELECTIONS MUNICIPALES 2014",2,2014-03-30,"MARSEILLE",21130055300016,959,9,5,6,"MAZARGUES","E MAT MAZARGUES BEAUCHENE","5 AVE MARIE BALAJAT",1154,1154,682,25,657,17,3,"ZERIBI Karim",139,"COMAS Laurent",150,"TEISSIER Guy",368
"ELECTIONS MUNICIPALES 2014",2,2014-03-30,"MARSEILLE",21130055300016,960,9,5,6,"MAZARGUES","E MAT MAZARGUES GRANDE BASTIDE","11 AVE DESAUTEL",1239,1239,763,33,730,18,3,"ZERIBI Karim",186,"COMAS Laurent",136,"TEISSIER Guy",408
"ELECTIONS MUNICIPALES 2014",2,2014-03-30,"MARSEILLE",21130055300016,961,9,5,6,"MAZARGUES","E MAT MAZARGUES GRANDE BASTIDE","11 AVE DESAUTEL",891,891,523,13,510,17,3,"ZERIBI Karim",82,"COMAS Laurent",105,"TEISSIER Guy",323
"ELECTIONS MUNICIPALES 2014",2,2014-03-30,"MARSEILLE",21130055300016,962,9,5,6,"MAZARGUES","GR SCOL CHATEAU SEC","51 CHE JOSEPH AIGUIER",1241,1241,778,38,740,15,3,"ZERIBI Karim",156,"COMAS Laurent",149,"TEISSIER Guy",435
"ELECTIONS MUNICIPALES 2014",2,2014-03-30,"MARSEILLE",21130055300016,963,9,5,6,"SAINTE MARGUERITE","E MAT PARC BERGER","AVE DE LA CAMPAGNE BERGER",942,942,600,13,587,33,3,"ZERIBI Karim",92,"COMAS Laurent",95,"TEISSIER Guy",400
"ELECTIONS MUNICIPALES 2014",2,2014-03-30,"MARSEILLE",21130055300016,964,9,5,6,"SAINTE MARGUERITE","E ELEM CABOT NAZURY","223 ANCIEN CHE DE CASSIS",841,841,554,19,535,25,3,"ZERIBI Karim",93,"COMAS Laurent",111,"TEISSIER Guy",331
"ELECTIONS MUNICIPALES 2014",2,2014-03-30,"MARSEILLE",21130055300016,965,9,5,6,"SAINTE MARGUERITE","E MAT ALLEE DES PINS","55 ALLEE DES PINS",1327,1327,882,51,831,25,3,"ZERIBI Karim",102,"COMAS Laurent",222,"TEISSIER Guy",507
"ELECTIONS MUNICIPALES 2014",2,2014-03-30,"MARSEILLE",21130055300016,966,9,5,6,"SAINTE MARGUERITE","E ELEM ALLEE DES PINS","51 ALLEE DES PINS",1277,1277,822,21,801,19,3,"ZERIBI Karim",130,"COMAS Laurent",171,"TEISSIER Guy",500
"ELECTIONS MUNICIPALES 2014",2,2014-03-30,"MARSEILLE",21130055300016,967,9,5,6,"SAINTE MARGUERITE","E MAT ALLEE DES PINS","55 ALLEE DES PINS",682,682,384,15,369,7,3,"ZERIBI Karim",67,"COMAS Laurent",52,"TEISSIER Guy",250
"ELECTIONS MUNICIPALES 2014",2,2014-03-30,"MARSEILLE",21130055300016,968,9,5,6,"SAINTE MARGUERITE","GR SCOL ROUVIERE","83 BD DU REDON",1026,1026,581,14,567,11,3,"ZERIBI Karim",159,"COMAS Laurent",100,"TEISSIER Guy",308
"ELECTIONS MUNICIPALES 2014",2,2014-03-30,"MARSEILLE",21130055300016,969,9,5,6,"SAINTE MARGUERITE","GR SCOL ROUVIERE","83 BD DU REDON",785,785,446,14,432,7,3,"ZERIBI Karim",79,"COMAS Laurent",107,"TEISSIER Guy",246
"ELECTIONS MUNICIPALES 2014",2,2014-03-30,"MARSEILLE",21130055300016,970,9,5,6,"SAINTE MARGUERITE","GR SCOL ROUVIERE","83 BD DU REDON",1033,1033,599,21,578,7,3,"ZERIBI Karim",153,"COMAS Laurent",131,"TEISSIER Guy",294
"ELECTIONS MUNICIPALES 2014",2,2014-03-30,"MARSEILLE",21130055300016,971,9,5,6,"MAZARGUES","E MAT  VALMONT REDON","430 AVE DE LATTRE DE TASSIGNY",1008,1008,606,20,586,9,3,"ZERIBI Karim",123,"COMAS Laurent",144,"TEISSIER Guy",319
"ELECTIONS MUNICIPALES 2014",2,2014-03-30,"MARSEILLE",21130055300016,972,9,5,6,"MAZARGUES","E ELEM VALMANTE","83 CHE JEAN ROUBIN",1389,1389,810,28,782,18,3,"ZERIBI Karim",149,"COMAS Laurent",240,"TEISSIER Guy",393
"ELECTIONS MUNICIPALES 2014",2,2014-03-30,"MARSEILLE",21130055300016,973,9,5,6,"MAZARGUES","E MAT VALMANTE","81 CHE JEAN ROUBIN",881,881,485,17,468,8,3,"ZERIBI Karim",110,"COMAS Laurent",117,"TEISSIER Guy",241
"ELECTIONS MUNICIPALES 2014",2,2014-03-30,"MARSEILLE",21130055300016,974,9,5,6,"MAZARGUES","E MAT MAZARGUES VACCARO","50 BD DU MARECHAL KOENIG",1376,1376,862,24,838,25,3,"ZERIBI Karim",182,"COMAS Laurent",198,"TEISSIER Guy",458
"ELECTIONS MUNICIPALES 2014",2,2014-03-30,"MARSEILLE",21130055300016,975,9,5,6,"MAZARGUES","E MAT LUMINY","33 AVE DE LUMINY",476,476,263,12,251,7,3,"ZERIBI Karim",49,"COMAS Laurent",91,"TEISSIER Guy",111
"ELECTIONS MUNICIPALES 2014",2,2014-03-30,"MARSEILLE",21130055300016,976,9,5,6,"MAZARGUES","E MAT VALMANTE","81 CHE JEAN ROUBIN",1048,1048,574,12,562,8,3,"ZERIBI Karim",128,"COMAS Laurent",191,"TEISSIER Guy",243
"ELECTIONS MUNICIPALES 2014",2,2014-03-30,"MARSEILLE",21130055300016,977,9,5,6,"SAINTE MARGUERITE","E ELEM CABOT NAZURY","223 ANCIEN CHE DE CASSIS",1130,1130,726,14,712,20,3,"ZERIBI Karim",143,"COMAS Laurent",148,"TEISSIER Guy",421
"ELECTIONS MUNICIPALES 2014",2,2014-03-30,"MARSEILLE",21130055300016,978,9,5,6,"MAZARGUES","E ELEM CALANQUES","139 CHE DE SORMIOU",1139,1139,687,22,665,18,3,"ZERIBI Karim",217,"COMAS Laurent",128,"TEISSIER Guy",320
"ELECTIONS MUNICIPALES 2014",2,2014-03-30,"MARSEILLE",21130055300016,979,9,5,6,"MAZARGUES","E ELEM BAUME","9 AVE COLGATE",954,954,529,13,516,11,3,"ZERIBI Karim",109,"COMAS Laurent",189,"TEISSIER Guy",218
"ELECTIONS MUNICIPALES 2014",2,2014-03-30,"MARSEILLE",21130055300016,980,9,5,6,"SAINTE MARGUERITE","E MAT PARC BERGER","AVE DE LA CAMPAGNE BERGER",880,880,542,10,532,11,3,"ZERIBI Karim",138,"COMAS Laurent",76,"TEISSIER Guy",318
"ELECTIONS MUNICIPALES 2014",2,2014-03-30,"MARSEILLE",21130055300016,1001,10,5,6,"CAPELETTE","E ELEM MENPENTI","161 AVE DE TOULON",709,709,382,21,361,6,3,"ZERIBI Karim",85,"COMAS Laurent",126,"TEISSIER Guy",150
"ELECTIONS MUNICIPALES 2014",2,2014-03-30,"MARSEILLE",21130055300016,1002,10,5,6,"CAPELETTE","E MAT CAPELETTE","13 BD DE LA BARNIERE",1383,1383,711,33,678,10,3,"ZERIBI Karim",194,"COMAS Laurent",171,"TEISSIER Guy",313
"ELECTIONS MUNICIPALES 2014",2,2014-03-30,"MARSEILLE",21130055300016,1003,10,5,1,"CAPELETTE","E MAT TIMONE","96 AVE DE LA TIMONE",1211,1211,664,36,628,10,3,"ZERIBI Karim",141,"COMAS Laurent",204,"TEISSIER Guy",283
"ELECTIONS MUNICIPALES 2014",2,2014-03-30,"MARSEILLE",21130055300016,1004,10,5,1,"CAPELETTE","E ELEM TIMONE","23 RUE ROGER MATHURIN",921,921,554,33,521,8,3,"ZERIBI Karim",127,"COMAS Laurent",203,"TEISSIER Guy",191
"ELECTIONS MUNICIPALES 2014",2,2014-03-30,"MARSEILLE",21130055300016,1005,10,5,6,"CAPELETTE","E ELEM TIMONE","23 RUE ROGER MATHURIN",744,744,412,17,395,6,3,"ZERIBI Karim",84,"COMAS Laurent",146,"TEISSIER Guy",165
"ELECTIONS MUNICIPALES 2014",2,2014-03-30,"MARSEILLE",21130055300016,1006,10,5,6,"CAPELETTE","E ELEM CAPELETTE","2 RUE LAUGIER",1195,1195,618,21,597,3,3,"ZERIBI Karim",169,"COMAS Laurent",185,"TEISSIER Guy",243
"ELECTIONS MUNICIPALES 2014",2,2014-03-30,"MARSEILLE",21130055300016,1007,10,5,6,"CAPELETTE","E MAT CAPELETTE","13 BD DE LA BARNIERE",830,830,497,18,479,7,3,"ZERIBI Karim",119,"COMAS Laurent",155,"TEISSIER Guy",205
"ELECTIONS MUNICIPALES 2014",2,2014-03-30,"MARSEILLE",21130055300016,1008,10,5,6,"CAPELETTE","E ELEM CAPELETTE MIREILLE LAUZE","131 BD MIREILLE LAUZE",1169,1169,666,25,641,10,3,"ZERIBI Karim",122,"COMAS Laurent",230,"TEISSIER Guy",289
"ELECTIONS MUNICIPALES 2014",2,2014-03-30,"MARSEILLE",21130055300016,1021,10,5,6,"CAPELETTE","E ELEM MENPENTI","161 AVE DE TOULON",975,975,582,28,554,12,3,"ZERIBI Karim",143,"COMAS Laurent",139,"TEISSIER Guy",272
"ELECTIONS MUNICIPALES 2014",2,2014-03-30,"MARSEILLE",21130055300016,1022,10,5,6,"CAPELETTE","E MAT CAP EST","45 RUE CHARLES CERRATO",885,885,511,12,499,6,3,"ZERIBI Karim",126,"COMAS Laurent",147,"TEISSIER Guy",226
"ELECTIONS MUNICIPALES 2014",2,2014-03-30,"MARSEILLE",21130055300016,1041,10,5,1,"POMME","E ELEM SAINT LOUP CENTRE","103 BD DE SAINT LOUP",888,888,543,22,521,6,3,"ZERIBI Karim",93,"COMAS Laurent",154,"TEISSIER Guy",274
"ELECTIONS MUNICIPALES 2014",2,2014-03-30,"MARSEILLE",21130055300016,1061,10,5,6,"CAPELETTE","GR SCOL PONT DE VIVAUX SACOMAN","200 BD ROMAIN ROLLAND",1191,1191,702,26,676,18,3,"ZERIBI Karim",138,"COMAS Laurent",250,"TEISSIER Guy",288
"ELECTIONS MUNICIPALES 2014",2,2014-03-30,"MARSEILLE",21130055300016,1062,10,5,6,"CAPELETTE","GR SCOL PONT DE VIVAUX SACOMAN","200 BD ROMAIN ROLLAND",1174,1174,561,14,547,3,3,"ZERIBI Karim",178,"COMAS Laurent",153,"TEISSIER Guy",216
"ELECTIONS MUNICIPALES 2014",2,2014-03-30,"MARSEILLE",21130055300016,1063,10,5,6,"CAPELETTE","E MAT SAINT LOUP CASTEL JOLI","23 RUE PIERRE DOIZE",939,939,456,14,442,0,3,"ZERIBI Karim",81,"COMAS Laurent",139,"TEISSIER Guy",222
"ELECTIONS MUNICIPALES 2014",2,2014-03-30,"MARSEILLE",21130055300016,1064,10,5,6,"CAPELETTE","GR SCOL PONT DE VIVAUX SACOMAN","200 BD ROMAIN ROLLAND",1235,1235,703,28,675,14,3,"ZERIBI Karim",101,"COMAS Laurent",209,"TEISSIER Guy",365
"ELECTIONS MUNICIPALES 2014",2,2014-03-30,"MARSEILLE",21130055300016,1065,10,5,6,"CAPELETTE","E ELEM LA SAUVAGERE","253 BD ROMAIN ROLLAND",866,866,401,20,381,4,3,"ZERIBI Karim",187,"COMAS Laurent",46,"TEISSIER Guy",148
"ELECTIONS MUNICIPALES 2014",2,2014-03-30,"MARSEILLE",21130055300016,1066,10,5,6,"CAPELETTE","E ELEM SAINT TRONC LA ROSE","225 BD PAUL CLAUDEL",1097,1097,676,24,652,8,3,"ZERIBI Karim",112,"COMAS Laurent",189,"TEISSIER Guy",351
"ELECTIONS MUNICIPALES 2014",2,2014-03-30,"MARSEILLE",21130055300016,1067,10,5,6,"CAPELETTE","E ELEM SAINT TRONC LA ROSE","225 BD PAUL CLAUDEL",1250,1250,675,25,650,11,3,"ZERIBI Karim",95,"COMAS Laurent",216,"TEISSIER Guy",339
"ELECTIONS MUNICIPALES 2014",2,2014-03-30,"MARSEILLE",21130055300016,1068,10,5,6,"POMME","E ELEM SAINT TRONC CASTELROC","ENTREE 1 RUE ANDRE AUDOLI",1179,1179,690,36,654,14,3,"ZERIBI Karim",107,"COMAS Laurent",198,"TEISSIER Guy",349
"ELECTIONS MUNICIPALES 2014",2,2014-03-30,"MARSEILLE",21130055300016,1069,10,5,6,"POMME","E ELEM SAINT TRONC CASTELROC","ENTREE 1 RUE ANDRE AUDOLI",1161,1161,743,36,707,14,3,"ZERIBI Karim",126,"COMAS Laurent",211,"TEISSIER Guy",370
"ELECTIONS MUNICIPALES 2014",2,2014-03-30,"MARSEILLE",21130055300016,1070,10,5,6,"POMME","E ELEM SAINT TRONC CASTELROC","ENTREE 1 RUE ANDRE AUDOLI",1058,1058,577,24,553,6,3,"ZERIBI Karim",133,"COMAS Laurent",132,"TEISSIER Guy",288
"ELECTIONS MUNICIPALES 2014",2,2014-03-30,"MARSEILLE",21130055300016,1071,10,5,6,"CAPELETTE","E ELEM SAINT TRONC LA ROSE","225 BD PAUL CLAUDEL",1318,1318,722,18,704,8,3,"ZERIBI Karim",126,"COMAS Laurent",210,"TEISSIER Guy",368
"ELECTIONS MUNICIPALES 2014",2,2014-03-30,"MARSEILLE",21130055300016,1072,10,5,6,"POMME","E MAT CHANTE PERDRIX","30 TRA DE CHANTE PERDRIX",1028,1028,552,20,532,19,3,"ZERIBI Karim",96,"COMAS Laurent",146,"TEISSIER Guy",290
"ELECTIONS MUNICIPALES 2014",2,2014-03-30,"MARSEILLE",21130055300016,1073,10,5,6,"POMME","E MAT TROIS PONTS","96 TRA DE CHANTE PERDRIX",1269,1269,748,20,728,11,3,"ZERIBI Karim",191,"COMAS Laurent",165,"TEISSIER Guy",372
"ELECTIONS MUNICIPALES 2014",2,2014-03-30,"MARSEILLE",21130055300016,1074,10,5,6,"POMME","E ELEM SAINT TRONC CASTELROC","ENTREE 1 RUE ANDRE AUDOLI",593,593,338,8,330,5,3,"ZERIBI Karim",49,"COMAS Laurent",107,"TEISSIER Guy",174
"ELECTIONS MUNICIPALES 2014",2,2014-03-30,"MARSEILLE",21130055300016,1075,10,5,6,"POMME","E MAT SAINT LOUP CASTEL JOLI","23 RUE PIERRE DOIZE",1011,1011,564,11,553,5,3,"ZERIBI Karim",106,"COMAS Laurent",161,"TEISSIER Guy",286
"ELECTIONS MUNICIPALES 2014",2,2014-03-30,"MARSEILLE",21130055300016,1076,10,5,1,"POMME","E MAT SAINT LOUP CENTRE","103 BD DE SAINT LOUP",1157,1157,685,24,661,10,3,"ZERIBI Karim",134,"COMAS Laurent",210,"TEISSIER Guy",317
"ELECTIONS MUNICIPALES 2014",2,2014-03-30,"MARSEILLE",21130055300016,1077,10,5,6,"POMME","E MAT SAINT THYS","1 RUE SAINT AUGUSTIN",1099,1099,588,23,565,7,3,"ZERIBI Karim",177,"COMAS Laurent",171,"TEISSIER Guy",217
"ELECTIONS MUNICIPALES 2014",2,2014-03-30,"MARSEILLE",21130055300016,1078,10,5,1,"POMME","GR SCOL CHATEAU SAINT CYR","65 CR VALBARELLE A ST MARCEL",808,808,434,15,419,5,3,"ZERIBI Karim",86,"COMAS Laurent",147,"TEISSIER Guy",186
"ELECTIONS MUNICIPALES 2014",2,2014-03-30,"MARSEILLE",21130055300016,1079,10,5,1,"POMME","GR SCOL CHATEAU SAINT CYR","65 CR VALBARELLE A ST MARCEL",911,911,506,12,494,3,3,"ZERIBI Karim",123,"COMAS Laurent",177,"TEISSIER Guy",194
"ELECTIONS MUNICIPALES 2014",2,2014-03-30,"MARSEILLE",21130055300016,1080,10,5,6,"POMME","E MAT CHANTE PERDRIX","30 TRA DE CHANTE PERDRIX",1095,1095,666,23,643,5,3,"ZERIBI Karim",122,"COMAS Laurent",203,"TEISSIER Guy",318
"ELECTIONS MUNICIPALES 2014",2,2014-03-30,"MARSEILLE",21130055300016,1101,11,6,1,"POMME","GR SCOL CITE MICHELIS","33 AVE DU PONTET",1318,1318,759,32,727,14,3,"PHILIPPE Elisabeth",293,"MASSE Christophe",169,"BLUM Roland",265
"ELECTIONS MUNICIPALES 2014",2,2014-03-30,"MARSEILLE",21130055300016,1102,11,6,1,"POMME","GR SCOL CITE MICHELIS","33 AVE DU PONTET",1007,1007,590,17,573,8,3,"PHILIPPE Elisabeth",232,"MASSE Christophe",137,"BLUM Roland",204
"ELECTIONS MUNICIPALES 2014",2,2014-03-30,"MARSEILLE",21130055300016,1103,11,6,1,"SAINT MARCEL","GR SCOL NEREIDES","113 RUE DE LA GRANIERE",931,931,456,19,437,4,3,"PHILIPPE Elisabeth",92,"MASSE Christophe",176,"BLUM Roland",169
"ELECTIONS MUNICIPALES 2014",2,2014-03-30,"MARSEILLE",21130055300016,1150,11,6,1,"SAINT MARCEL","E MAT CHATEAU SAINT JACQUES","56 BD DE LA VALBARELLE",752,752,393,11,382,9,3,"PHILIPPE Elisabeth",153,"MASSE Christophe",116,"BLUM Roland",113
"ELECTIONS MUNICIPALES 2014",2,2014-03-30,"MARSEILLE",21130055300016,1151,11,6,1,"SAINT MARCEL","E MAT CHATEAU SAINT JACQUES","56 BD DE LA VALBARELLE",776,776,478,22,456,6,3,"PHILIPPE Elisabeth",148,"MASSE Christophe",96,"BLUM Roland",212
"ELECTIONS MUNICIPALES 2014",2,2014-03-30,"MARSEILLE",21130055300016,1152,11,6,1,"POMME","E ELEM POMME MAZENODE","427 BD MIREILLE LAUZE",827,827,413,10,403,4,3,"PHILIPPE Elisabeth",154,"MASSE Christophe",92,"BLUM Roland",157
"ELECTIONS MUNICIPALES 2014",2,2014-03-30,"MARSEILLE",21130055300016,1153,11,6,1,"POMME","E MAT AIR BEL II","RUE DE LA FALAISE",937,937,382,17,365,2,3,"PHILIPPE Elisabeth",62,"MASSE Christophe",121,"BLUM Roland",182
"ELECTIONS MUNICIPALES 2014",2,2014-03-30,"MARSEILLE",21130055300016,1154,11,6,1,"POMME","E MAT POMME MAZENODE","427 BD MIREILLE LAUZE",817,817,436,9,427,10,3,"PHILIPPE Elisabeth",120,"MASSE Christophe",124,"BLUM Roland",183
"ELECTIONS MUNICIPALES 2014",2,2014-03-30,"MARSEILLE",21130055300016,1155,11,6,1,"POMME","E MAT LA GROGNARDE","AVE WILLIAM BOOTH",1011,1011,610,17,593,8,3,"PHILIPPE Elisabeth",200,"MASSE Christophe",122,"BLUM Roland",271
"ELECTIONS MUNICIPALES 2014",2,2014-03-30,"MARSEILLE",21130055300016,1156,11,6,1,"POMME","E MAT POMME HECKEL","24 AVE DU DOCTEUR HECKEL",1380,1380,750,21,729,8,3,"PHILIPPE Elisabeth",265,"MASSE Christophe",185,"BLUM Roland",279
"ELECTIONS MUNICIPALES 2014",2,2014-03-30,"MARSEILLE",21130055300016,1157,11,6,1,"POMME","GR SCOL POMME SAINTE MADELEINE","8 AVE BERNARD LECACHE",1034,1034,556,33,523,13,3,"PHILIPPE Elisabeth",183,"MASSE Christophe",130,"BLUM Roland",210
"ELECTIONS MUNICIPALES 2014",2,2014-03-30,"MARSEILLE",21130055300016,1158,11,6,1,"SAINT MARCEL","E ELEM LA VALBARELLE","2 RUE GIMON",911,911,517,14,503,8,3,"PHILIPPE Elisabeth",181,"MASSE Christophe",101,"BLUM Roland",221
"ELECTIONS MUNICIPALES 2014",2,2014-03-30,"MARSEILLE",21130055300016,1159,11,6,1,"SAINT MARCEL","E ELEM LA VALBARELLE","2 RUE GIMON",956,956,523,16,507,4,3,"PHILIPPE Elisabeth",184,"MASSE Christophe",162,"BLUM Roland",161
"ELECTIONS MUNICIPALES 2014",2,2014-03-30,"MARSEILLE",21130055300016,1160,11,6,1,"SAINT MARCEL","E ELEM SAINT MARCEL","8 RUE DE QUEYLAR",1273,1273,716,20,696,11,3,"PHILIPPE Elisabeth",293,"MASSE Christophe",182,"BLUM Roland",221
"ELECTIONS MUNICIPALES 2014",2,2014-03-30,"MARSEILLE",21130055300016,1161,11,6,1,"SAINT MARCEL","E ELEM SAINT MARCEL","8 RUE DE QUEYLAR",1293,1293,715,40,675,7,3,"PHILIPPE Elisabeth",249,"MASSE Christophe",161,"BLUM Roland",265
"ELECTIONS MUNICIPALES 2014",2,2014-03-30,"MARSEILLE",21130055300016,1162,11,6,1,"SAINT MARCEL","E MAT ROUGUIERE","ALLEE DE LA ROUGUIERE",699,699,418,14,404,10,3,"PHILIPPE Elisabeth",135,"MASSE Christophe",92,"BLUM Roland",177
"ELECTIONS MUNICIPALES 2014",2,2014-03-30,"MARSEILLE",21130055300016,1163,11,6,1,"SAINT MARCEL","E MAT ROUGUIERE","ALLEE DE LA ROUGUIERE",1231,1231,638,24,614,14,3,"PHILIPPE Elisabeth",207,"MASSE Christophe",174,"BLUM Roland",233
"ELECTIONS MUNICIPALES 2014",2,2014-03-30,"MARSEILLE",21130055300016,1164,11,6,1,"SAINT MARCEL","E MAT ROUGUIERE","ALLEE DE LA ROUGUIERE",1134,1134,525,23,502,1,3,"PHILIPPE Elisabeth",146,"MASSE Christophe",164,"BLUM Roland",192
"ELECTIONS MUNICIPALES 2014",2,2014-03-30,"MARSEILLE",21130055300016,1165,11,6,1,"SAINT MARCEL","E MAT LA BARASSE","10 IMP SAUVEUR",1440,1440,820,26,794,9,3,"PHILIPPE Elisabeth",281,"MASSE Christophe",223,"BLUM Roland",290
"ELECTIONS MUNICIPALES 2014",2,2014-03-30,"MARSEILLE",21130055300016,1166,11,6,1,"SAINT MARCEL","E ELEM LA MILLIERE","ENTREE 28 BD BEAUSEJOUR",1021,1021,541,18,523,10,3,"PHILIPPE Elisabeth",196,"MASSE Christophe",156,"BLUM Roland",171
"ELECTIONS MUNICIPALES 2014",2,2014-03-30,"MARSEILLE",21130055300016,1167,11,6,1,"TROIS LUCS","E MAT LA BUZINE","TRA DE LA BUZINE",1141,1141,672,20,652,13,3,"PHILIPPE Elisabeth",183,"MASSE Christophe",130,"BLUM Roland",339
"ELECTIONS MUNICIPALES 2014",2,2014-03-30,"MARSEILLE",21130055300016,1168,11,6,1,"SAINT MARCEL","E ELEM LA VALENTINE","16A AVE DE LA TIRANE",1083,1083,657,12,645,8,3,"PHILIPPE Elisabeth",242,"MASSE Christophe",123,"BLUM Roland",280
"ELECTIONS MUNICIPALES 2014",2,2014-03-30,"MARSEILLE",21130055300016,1169,11,6,1,"TROIS LUCS","E ELEM LA VALENTINE","16A AVE DE LA TIRANE",1463,1463,944,27,917,20,3,"PHILIPPE Elisabeth",260,"MASSE Christophe",183,"BLUM Roland",474
"ELECTIONS MUNICIPALES 2014",2,2014-03-30,"MARSEILLE",21130055300016,1170,11,6,1,"TROIS LUCS","E ELEM LES CAMOINS","ENTREE 14 MONTEE DES CAMOINS",1423,1423,921,41,880,28,3,"PHILIPPE Elisabeth",230,"MASSE Christophe",211,"BLUM Roland",439
"ELECTIONS MUNICIPALES 2014",2,2014-03-30,"MARSEILLE",21130055300016,1171,11,6,1,"TROIS LUCS","E ELEM LA TREILLE","169 RTE DE LA TREILLE",1237,1237,784,29,755,56,3,"PHILIPPE Elisabeth",217,"MASSE Christophe",152,"BLUM Roland",386
"ELECTIONS MUNICIPALES 2014",2,2014-03-30,"MARSEILLE",21130055300016,1172,11,6,1,"TROIS LUCS","E ELEM EOURES","22 BD NOTRE DAME",1323,1323,854,35,819,9,3,"PHILIPPE Elisabeth",255,"MASSE Christophe",187,"BLUM Roland",377
"ELECTIONS MUNICIPALES 2014",2,2014-03-30,"MARSEILLE",21130055300016,1173,11,6,1,"TROIS LUCS","E ELEM LA VALENTINE","16A AVE DE LA TIRANE",1274,1274,782,32,750,18,3,"PHILIPPE Elisabeth",260,"MASSE Christophe",165,"BLUM Roland",325
"ELECTIONS MUNICIPALES 2014",2,2014-03-30,"MARSEILLE",21130055300016,1174,11,6,1,"POMME","E MAT LA GROGNARDE","AVE WILLIAM BOOTH",1018,1018,622,18,604,13,3,"PHILIPPE Elisabeth",174,"MASSE Christophe",142,"BLUM Roland",288
"ELECTIONS MUNICIPALES 2014",2,2014-03-30,"MARSEILLE",21130055300016,1175,11,6,1,"POMME","GR SCOL POMME SAINTE MADELEINE","8 AVE BERNARD LECACHE",995,995,591,32,559,7,3,"PHILIPPE Elisabeth",174,"MASSE Christophe",148,"BLUM Roland",237
"ELECTIONS MUNICIPALES 2014",2,2014-03-30,"MARSEILLE",21130055300016,1176,11,6,1,"SAINT MARCEL","E ELEM LA MILLIERE","ENTREE 28 BD BEAUSEJOUR",1017,1017,536,16,520,10,3,"PHILIPPE Elisabeth",173,"MASSE Christophe",167,"BLUM Roland",180
"ELECTIONS MUNICIPALES 2014",2,2014-03-30,"MARSEILLE",21130055300016,1177,11,6,1,"TROIS LUCS","E ELEM LES CAMOINS","ENTREE 14 MONTEE DES CAMOINS",1597,1597,993,27,966,15,3,"PHILIPPE Elisabeth",270,"MASSE Christophe",189,"BLUM Roland",507
"ELECTIONS MUNICIPALES 2014",2,2014-03-30,"MARSEILLE",21130055300016,1178,11,6,1,"POMME","GR SCOL POMME SAINTE MADELEINE","8 AVE BERNARD LECACHE",1047,1047,581,14,567,10,3,"PHILIPPE Elisabeth",196,"MASSE Christophe",147,"BLUM Roland",224
"ELECTIONS MUNICIPALES 2014",2,2014-03-30,"MARSEILLE",21130055300016,1179,11,6,1,"POMME","E MAT AIR BEL II","RUE DE LA FALAISE",983,983,387,38,349,3,3,"PHILIPPE Elisabeth",52,"MASSE Christophe",125,"BLUM Roland",172
"ELECTIONS MUNICIPALES 2014",2,2014-03-30,"MARSEILLE",21130055300016,1201,12,6,1,"BLANCARDE","GR SCOL BLANCARDE","74 RUE BEAU",670,670,358,9,349,5,3,"PHILIPPE Elisabeth",96,"MASSE Christophe",93,"BLUM Roland",160
"ELECTIONS MUNICIPALES 2014",2,2014-03-30,"MARSEILLE",21130055300016,1202,12,6,1,"MONTOLIVET","E MAT HAITI","83 AVE D'HAITI",1103,1103,681,22,659,11,3,"PHILIPPE Elisabeth",164,"MASSE Christophe",170,"BLUM Roland",325
"ELECTIONS MUNICIPALES 2014",2,2014-03-30,"MARSEILLE",21130055300016,1203,12,6,1,"MONTOLIVET","E MAT SAINT BARNABE","4 RUE FONTAINIEU",1477,1477,877,20,857,63,3,"PHILIPPE Elisabeth",253,"MASSE Christophe",186,"BLUM Roland",418
"ELECTIONS MUNICIPALES 2014",2,2014-03-30,"MARSEILLE",21130055300016,1204,12,6,1,"MONTOLIVET","E ELEM SAINT BARNABE","ENTREE AVE FILLOL",1411,1411,914,33,881,28,3,"PHILIPPE Elisabeth",158,"MASSE Christophe",187,"BLUM Roland",536
"ELECTIONS MUNICIPALES 2014",2,2014-03-30,"MARSEILLE",21130055300016,1205,12,6,1,"MONTOLIVET","E MAT LES LIERRES","50 AVE DU 24 AVRIL 1915",1131,1131,666,16,650,5,3,"PHILIPPE Elisabeth",174,"MASSE Christophe",153,"BLUM Roland",323
"ELECTIONS MUNICIPALES 2014",2,2014-03-30,"MARSEILLE",21130055300016,1206,12,6,1,"MONTOLIVET","E ELEM SAINT BARNABE","ENTREE AVE FILLOL",1261,1261,815,29,786,65,3,"PHILIPPE Elisabeth",187,"MASSE Christophe",192,"BLUM Roland",407
"ELECTIONS MUNICIPALES 2014",2,2014-03-30,"MARSEILLE",21130055300016,1207,12,6,1,"BLANCARDE","E ELEM PETIT BOSQUET ANNEXE","2 BD FERDINAND NEGRO",531,531,311,16,295,5,3,"PHILIPPE Elisabeth",69,"MASSE Christophe",77,"BLUM Roland",149
"ELECTIONS MUNICIPALES 2014",2,2014-03-30,"MARSEILLE",21130055300016,1208,12,6,3,"MONTOLIVET","E MAT PETIT BOSQUET","17 BD TRISTAN CORBIERE",1183,1183,745,26,719,16,3,"PHILIPPE Elisabeth",184,"MASSE Christophe",144,"BLUM Roland",391
"ELECTIONS MUNICIPALES 2014",2,2014-03-30,"MARSEILLE",21130055300016,1209,12,6,1,"MONTOLIVET","E ELEM BOIS LUZY","49 ALLEE DES PRIMEVERES",1110,1110,697,19,678,25,3,"PHILIPPE Elisabeth",187,"MASSE Christophe",144,"BLUM Roland",347
"ELECTIONS MUNICIPALES 2014",2,2014-03-30,"MARSEILLE",21130055300016,1210,12,6,3,"MONTOLIVET","E ELEM BOIS LUZY","49 ALLEE DES PRIMEVERES",627,627,419,11,408,15,3,"PHILIPPE Elisabeth",113,"MASSE Christophe",93,"BLUM Roland",202
"ELECTIONS MUNICIPALES 2014",2,2014-03-30,"MARSEILLE",21130055300016,1211,12,6,1,"MONTOLIVET","GR SCOL ROSIERE","79 AVE DE LA FIGONE",1125,1125,768,25,743,22,3,"PHILIPPE Elisabeth",158,"MASSE Christophe",160,"BLUM Roland",425
"ELECTIONS MUNICIPALES 2014",2,2014-03-30,"MARSEILLE",21130055300016,1212,12,6,1,"MONTOLIVET","E MAT FOURRAGERE","70 AVE DE LA FOURRAGERE",965,965,611,26,585,21,3,"PHILIPPE Elisabeth",134,"MASSE Christophe",122,"BLUM Roland",329
"ELECTIONS MUNICIPALES 2014",2,2014-03-30,"MARSEILLE",21130055300016,1213,12,6,1,"MONTOLIVET","E ELEM BOIS LUZY","49 ALLEE DES PRIMEVERES",648,648,401,10,391,8,3,"PHILIPPE Elisabeth",90,"MASSE Christophe",93,"BLUM Roland",208
"ELECTIONS MUNICIPALES 2014",2,2014-03-30,"MARSEILLE",21130055300016,1221,12,6,1,"MONTOLIVET","E MAT HAITI","83 AVE D'HAITI",1186,1186,700,19,681,13,3,"PHILIPPE Elisabeth",196,"MASSE Christophe",151,"BLUM Roland",334
"ELECTIONS MUNICIPALES 2014",2,2014-03-30,"MARSEILLE",21130055300016,1231,12,6,3,"BLANCARDE","E ELEM PETIT BOSQUET ANNEXE","2 BD FERDINAND NEGRO",263,263,166,3,163,3,3,"PHILIPPE Elisabeth",49,"MASSE Christophe",47,"BLUM Roland",67
"ELECTIONS MUNICIPALES 2014",2,2014-03-30,"MARSEILLE",21130055300016,1241,12,6,3,"MONTOLIVET","E ELEM PETIT BOSQUET ANNEXE","2 BD FERDINAND NEGRO",872,872,532,13,519,20,3,"PHILIPPE Elisabeth",117,"MASSE Christophe",112,"BLUM Roland",290
"ELECTIONS MUNICIPALES 2014",2,2014-03-30,"MARSEILLE",21130055300016,1242,12,6,3,"MONTOLIVET","E MAT MONTOLIVET","29 BD DIE",1270,1270,820,19,801,29,3,"PHILIPPE Elisabeth",201,"MASSE Christophe",167,"BLUM Roland",433
"ELECTIONS MUNICIPALES 2014",2,2014-03-30,"MARSEILLE",21130055300016,1243,12,6,3,"MONTOLIVET","E MAT MONTOLIVET","29 BD DIE",1210,1210,790,16,774,40,3,"PHILIPPE Elisabeth",239,"MASSE Christophe",157,"BLUM Roland",378
"ELECTIONS MUNICIPALES 2014",2,2014-03-30,"MARSEILLE",21130055300016,1244,12,6,3,"MONTOLIVET","E ELEM BOIS LEMAITRE","86 AVE JEAN COMPADIEU",883,883,492,20,472,8,3,"PHILIPPE Elisabeth",182,"MASSE Christophe",115,"BLUM Roland",175
"ELECTIONS MUNICIPALES 2014",2,2014-03-30,"MARSEILLE",21130055300016,1245,12,6,3,"MONTOLIVET","E ELEM BOIS LEMAITRE","86 AVE JEAN COMPADIEU",1048,1048,562,15,547,13,3,"PHILIPPE Elisabeth",234,"MASSE Christophe",113,"BLUM Roland",200
"ELECTIONS MUNICIPALES 2014",2,2014-03-30,"MARSEILLE",21130055300016,1261,12,6,1,"MONTOLIVET","GR SCOL BEAUMONT BOMBARDIERE","213 RUE CHARLES KADDOUZ",1287,1287,808,21,787,22,3,"PHILIPPE Elisabeth",229,"MASSE Christophe",141,"BLUM Roland",417
"ELECTIONS MUNICIPALES 2014",2,2014-03-30,"MARSEILLE",21130055300016,1262,12,6,1,"MONTOLIVET","GR SCOL ROSIERE","79 AVE DE LA FIGONE",1118,1118,676,30,646,17,3,"PHILIPPE Elisabeth",161,"MASSE Christophe",132,"BLUM Roland",353
"ELECTIONS MUNICIPALES 2014",2,2014-03-30,"MARSEILLE",21130055300016,1263,12,6,1,"MONTOLIVET","GR SCOL BEAUMONT BOMBARDIERE","213 RUE CHARLES KADDOUZ",978,978,600,13,587,9,3,"PHILIPPE Elisabeth",196,"MASSE Christophe",111,"BLUM Roland",280
"ELECTIONS MUNICIPALES 2014",2,2014-03-30,"MARSEILLE",21130055300016,1264,12,6,1,"TROIS LUCS","E ELEM SAINT JULIEN II","19 BD DE LA COMTESSE",1017,1017,613,25,588,10,3,"PHILIPPE Elisabeth",158,"MASSE Christophe",134,"BLUM Roland",296
"ELECTIONS MUNICIPALES 2014",2,2014-03-30,"MARSEILLE",21130055300016,1265,12,6,1,"TROIS LUCS","E MAT SAINT JULIEN","11 BD BONNIOT",1284,1284,798,22,776,18,3,"PHILIPPE Elisabeth",227,"MASSE Christophe",148,"BLUM Roland",401
"ELECTIONS MUNICIPALES 2014",2,2014-03-30,"MARSEILLE",21130055300016,1266,12,6,1,"TROIS LUCS","E ELEM SAINT JULIEN II","19 BD DE LA COMTESSE",1077,1077,638,18,620,10,3,"PHILIPPE Elisabeth",146,"MASSE Christophe",154,"BLUM Roland",320
"ELECTIONS MUNICIPALES 2014",2,2014-03-30,"MARSEILLE",21130055300016,1267,12,6,1,"SAINT MARCEL","E MAT CAILLOLS","32 CHE DES CAMPANULES",1177,1177,716,39,677,19,3,"PHILIPPE Elisabeth",226,"MASSE Christophe",160,"BLUM Roland",291
"ELECTIONS MUNICIPALES 2014",2,2014-03-30,"MARSEILLE",21130055300016,1268,12,6,1,"SAINT MARCEL","E MAT CAILLOLS","32 CHE DES CAMPANULES",1478,1478,815,32,783,37,3,"PHILIPPE Elisabeth",230,"MASSE Christophe",200,"BLUM Roland",353
"ELECTIONS MUNICIPALES 2014",2,2014-03-30,"MARSEILLE",21130055300016,1269,12,6,1,"TROIS LUCS","E ELEM TROIS LUCS","375 AVE DES POILUS",1114,1114,687,20,667,16,3,"PHILIPPE Elisabeth",213,"MASSE Christophe",121,"BLUM Roland",333
"ELECTIONS MUNICIPALES 2014",2,2014-03-30,"MARSEILLE",21130055300016,1270,12,6,1,"TROIS LUCS","E MAT TROIS LUCS","373 AVE DES POILUS",1219,1219,778,21,757,21,3,"PHILIPPE Elisabeth",218,"MASSE Christophe",127,"BLUM Roland",412
"ELECTIONS MUNICIPALES 2014",2,2014-03-30,"MARSEILLE",21130055300016,1271,12,6,1,"TROIS LUCS","E ELEM TROIS LUCS","375 AVE DES POILUS",1131,1131,710,19,691,27,3,"PHILIPPE Elisabeth",194,"MASSE Christophe",126,"BLUM Roland",371
"ELECTIONS MUNICIPALES 2014",2,2014-03-30,"MARSEILLE",21130055300016,1272,12,6,1,"TROIS LUCS","E MAT SAINT JULIEN","11 BD BONNIOT",1126,1126,692,27,665,12,3,"PHILIPPE Elisabeth",158,"MASSE Christophe",150,"BLUM Roland",357
"ELECTIONS MUNICIPALES 2014",2,2014-03-30,"MARSEILLE",21130055300016,1281,12,6,1,"TROIS LUCS","E MAT FOURRAGERE","70 AVE DE LA FOURRAGERE",1306,1306,736,22,714,11,3,"PHILIPPE Elisabeth",186,"MASSE Christophe",164,"BLUM Roland",364
"ELECTIONS MUNICIPALES 2014",2,2014-03-30,"MARSEILLE",21130055300016,1282,12,6,1,"TROIS LUCS","E MAT FOURRAGERE","70 AVE DE LA FOURRAGERE",893,893,579,15,564,13,3,"PHILIPPE Elisabeth",146,"MASSE Christophe",145,"BLUM Roland",273
"ELECTIONS MUNICIPALES 2014",2,2014-03-30,"MARSEILLE",21130055300016,1283,12,6,1,"SAINT MARCEL","GR SCOL GRANDE BASTIDE CAZAULX","ALLEE DE LA BASTIDE BASSE",1313,1313,774,31,743,10,3,"PHILIPPE Elisabeth",279,"MASSE Christophe",205,"BLUM Roland",259
"ELECTIONS MUNICIPALES 2014",2,2014-03-30,"MARSEILLE",21130055300016,1284,12,6,1,"TROIS LUCS","GR SCOL GRANDE BASTIDE CAZAULX","ALLEE DE LA BASTIDE BASSE",1327,1327,810,27,783,13,3,"PHILIPPE Elisabeth",269,"MASSE Christophe",190,"BLUM Roland",324
"ELECTIONS MUNICIPALES 2014",2,2014-03-30,"MARSEILLE",21130055300016,1285,12,6,1,"TROIS LUCS","E MAT CAILLOLS","32 CHE DES CAMPANULES",1333,1333,847,28,819,29,3,"PHILIPPE Elisabeth",213,"MASSE Christophe",149,"BLUM Roland",457
"ELECTIONS MUNICIPALES 2014",2,2014-03-30,"MARSEILLE",21130055300016,1286,12,6,1,"MONTOLIVET","E MAT BASTIDE SAINT JEAN","11 RUE DE LA BOISERAIE",756,756,407,13,394,8,3,"PHILIPPE Elisabeth",95,"MASSE Christophe",102,"BLUM Roland",197
"ELECTIONS MUNICIPALES 2014",2,2014-03-30,"MARSEILLE",21130055300016,1301,13,7,3,"SAINT JUST","E MAT PARC DES CHARTREUX","61 AVE DE SAINT JUST",607,607,367,15,352,9,3,"MIRON Richard",126,"RAVIER Stéphane",143,"HOVSEPIAN Garo",83
"ELECTIONS MUNICIPALES 2014",2,2014-03-30,"MARSEILLE",21130055300016,1302,13,7,3,"SAINT JUST","GR SCOL SAINT JUST CENTRE","14 RUE SAINT GEORGES",1144,1144,686,21,665,8,3,"MIRON Richard",245,"RAVIER Stéphane",255,"HOVSEPIAN Garo",165
"ELECTIONS MUNICIPALES 2014",2,2014-03-30,"MARSEILLE",21130055300016,1303,13,7,3,"SAINT JUST","GR SCOL SAINT JUST CENTRE","14 RUE SAINT GEORGES",1015,1015,628,20,608,17,3,"MIRON Richard",212,"RAVIER Stéphane",241,"HOVSEPIAN Garo",155
"ELECTIONS MUNICIPALES 2014",2,2014-03-30,"MARSEILLE",21130055300016,1304,13,7,3,"SAINT JUST","GR SCOL SAINT JUST CENTRE","14 RUE SAINT GEORGES",734,734,440,14,426,14,3,"MIRON Richard",154,"RAVIER Stéphane",158,"HOVSEPIAN Garo",114
"ELECTIONS MUNICIPALES 2014",2,2014-03-30,"MARSEILLE",21130055300016,1305,13,7,3,"SAINT JUST","GR SCOL SAINT JUST CENTRE","14 RUE SAINT GEORGES",863,863,470,17,453,38,3,"MIRON Richard",218,"RAVIER Stéphane",139,"HOVSEPIAN Garo",96
"ELECTIONS MUNICIPALES 2014",2,2014-03-30,"MARSEILLE",21130055300016,1306,13,7,3,"SAINT JUST","E MAT SAINT JUST COROT","130 AVE COROT",874,874,388,9,379,6,3,"MIRON Richard",133,"RAVIER Stéphane",124,"HOVSEPIAN Garo",122
"ELECTIONS MUNICIPALES 2014",2,2014-03-30,"MARSEILLE",21130055300016,1307,13,7,3,"SAINT JUST","E MAT SAINT JUST COROT","130 AVE COROT",1001,1001,441,10,431,2,3,"MIRON Richard",130,"RAVIER Stéphane",81,"HOVSEPIAN Garo",220
"ELECTIONS MUNICIPALES 2014",2,2014-03-30,"MARSEILLE",21130055300016,1308,13,7,3,"SAINT JUST","E MAT PETIT BOSQUET","17 BD TRISTAN CORBIERE",611,611,330,11,319,7,3,"MIRON Richard",152,"RAVIER Stéphane",81,"HOVSEPIAN Garo",86
"ELECTIONS MUNICIPALES 2014",2,2014-03-30,"MARSEILLE",21130055300016,1331,13,7,3,"SAINT JUST","E MAT MALPASSE LES FLORALIES","81 BD BARRY",1314,1314,757,30,727,10,3,"MIRON Richard",314,"RAVIER Stéphane",218,"HOVSEPIAN Garo",195
"ELECTIONS MUNICIPALES 2014",2,2014-03-30,"MARSEILLE",21130055300016,1332,13,7,3,"ROSE","E MAT MALPASSE LES FLORALIES","81 BD BARRY",926,926,524,20,504,7,3,"MIRON Richard",175,"RAVIER Stéphane",186,"HOVSEPIAN Garo",143
"ELECTIONS MUNICIPALES 2014",2,2014-03-30,"MARSEILLE",21130055300016,1333,13,7,3,"SAINT JUST","E MAT BOUGE MALPASSE","22 RUE DE MARATHON",1397,1397,623,20,603,5,3,"MIRON Richard",213,"RAVIER Stéphane",68,"HOVSEPIAN Garo",322
"ELECTIONS MUNICIPALES 2014",2,2014-03-30,"MARSEILLE",21130055300016,1335,13,7,3,"SAINT JUST","E ELEM MALPASSE LES OLIVIERS","54 AVE SAINT PAUL",1427,1427,723,28,695,6,3,"MIRON Richard",226,"RAVIER Stéphane",113,"HOVSEPIAN Garo",356
"ELECTIONS MUNICIPALES 2014",2,2014-03-30,"MARSEILLE",21130055300016,1336,13,7,3,"ROSE","GR SCOL SAINT JEROME LES LILAS","2 RUE FERNAND LEGER",905,905,458,15,443,7,3,"MIRON Richard",133,"RAVIER Stéphane",152,"HOVSEPIAN Garo",158
"ELECTIONS MUNICIPALES 2014",2,2014-03-30,"MARSEILLE",21130055300016,1337,13,7,3,"ROSE","GR SCOL SAINT JEROME LES LILAS","2 RUE FERNAND LEGER",1144,1144,563,21,542,1,3,"MIRON Richard",173,"RAVIER Stéphane",70,"HOVSEPIAN Garo",299
"ELECTIONS MUNICIPALES 2014",2,2014-03-30,"MARSEILLE",21130055300016,1338,13,7,3,"ROSE","E ELEM SAINT JEROME VILLAGE I","15 AVE DE SAINT JEROME",1524,1524,950,29,921,20,3,"MIRON Richard",273,"RAVIER Stéphane",318,"HOVSEPIAN Garo",330
"ELECTIONS MUNICIPALES 2014",2,2014-03-30,"MARSEILLE",21130055300016,1339,13,7,3,"ROSE","E ELEM MALPASSE LES LAURIERS","9 RUE DE MARATHON",1037,1037,529,20,509,4,3,"MIRON Richard",155,"RAVIER Stéphane",186,"HOVSEPIAN Garo",168
"ELECTIONS MUNICIPALES 2014",2,2014-03-30,"MARSEILLE",21130055300016,1340,13,7,3,"ROSE","E ELEM SAINT JEROME VILLAGE I","15 AVE DE SAINT JEROME",1200,1200,731,16,715,5,3,"MIRON Richard",233,"RAVIER Stéphane",277,"HOVSEPIAN Garo",205
"ELECTIONS MUNICIPALES 2014",2,2014-03-30,"MARSEILLE",21130055300016,1341,13,7,3,"ROSE","E ELEM ROSE PLACE","8 PCE DE LA ROSE",861,861,446,17,429,3,3,"MIRON Richard",159,"RAVIER Stéphane",155,"HOVSEPIAN Garo",115
"ELECTIONS MUNICIPALES 2014",2,2014-03-30,"MARSEILLE",21130055300016,1342,13,7,3,"ROSE","E MAT ROSE FRAIS VALLON NORD","39 AVE DE FRAIS VALLON",1448,1448,723,17,706,5,3,"MIRON Richard",227,"RAVIER Stéphane",187,"HOVSEPIAN Garo",292
"ELECTIONS MUNICIPALES 2014",2,2014-03-30,"MARSEILLE",21130055300016,1343,13,7,3,"ROSE","E MAT ROSE FRAIS VALLON NORD","39 AVE DE FRAIS VALLON",1388,1388,685,19,666,2,3,"MIRON Richard",169,"RAVIER Stéphane",102,"HOVSEPIAN Garo",395
"ELECTIONS MUNICIPALES 2014",2,2014-03-30,"MARSEILLE",21130055300016,1344,13,7,3,"ROSE","E ELEM MAURELLE","18 RUE MARIUS BRIATA",1004,1004,618,16,602,9,3,"MIRON Richard",205,"RAVIER Stéphane",245,"HOVSEPIAN Garo",152
"ELECTIONS MUNICIPALES 2014",2,2014-03-30,"MARSEILLE",21130055300016,1345,13,7,3,"ROSE","E ELEM MAURELLE","18 RUE MARIUS BRIATA",724,724,388,25,363,0,3,"MIRON Richard",138,"RAVIER Stéphane",110,"HOVSEPIAN Garo",115
"ELECTIONS MUNICIPALES 2014",2,2014-03-30,"MARSEILLE",21130055300016,1346,13,7,3,"ROSE","E ELEM ROSE LA GARDE","RUE GASTON BACHELARD",1004,1004,540,15,525,2,3,"MIRON Richard",139,"RAVIER Stéphane",150,"HOVSEPIAN Garo",236
"ELECTIONS MUNICIPALES 2014",2,2014-03-30,"MARSEILLE",21130055300016,1347,13,7,3,"ROSE","E ELEM ROSE LA GARDE","RUE GASTON BACHELARD",1122,1122,672,27,645,5,3,"MIRON Richard",163,"RAVIER Stéphane",303,"HOVSEPIAN Garo",179
"ELECTIONS MUNICIPALES 2014",2,2014-03-30,"MARSEILLE",21130055300016,1348,13,7,3,"ROSE","E ELEM ROSE SAUVAGINE","38 AVE MERLEAU PONTY",748,748,429,10,419,6,3,"MIRON Richard",127,"RAVIER Stéphane",180,"HOVSEPIAN Garo",112
"ELECTIONS MUNICIPALES 2014",2,2014-03-30,"MARSEILLE",21130055300016,1349,13,7,3,"ROSE","E ELEM SAINT MITRE","117 CHE DE CHATEAU GOMBERT",1442,1442,929,16,913,30,3,"MIRON Richard",271,"RAVIER Stéphane",412,"HOVSEPIAN Garo",230
"ELECTIONS MUNICIPALES 2014",2,2014-03-30,"MARSEILLE",21130055300016,1350,13,7,3,"ROSE","E ELEM SAINT MITRE","117 CHE DE CHATEAU GOMBERT",1344,1344,823,18,805,13,3,"MIRON Richard",269,"RAVIER Stéphane",316,"HOVSEPIAN Garo",220
"ELECTIONS MUNICIPALES 2014",2,2014-03-30,"MARSEILLE",21130055300016,1351,13,7,3,"ROSE","E MAT BALUSTRES","4 CHE DE N. D. DE CONSOLATION",1405,1405,829,26,803,11,3,"MIRON Richard",241,"RAVIER Stéphane",286,"HOVSEPIAN Garo",276
"ELECTIONS MUNICIPALES 2014",2,2014-03-30,"MARSEILLE",21130055300016,1360,13,7,3,"OLIVES","E MAT FONDACLE","5 TRA DES PLATRIERES",804,804,463,21,442,4,3,"MIRON Richard",159,"RAVIER Stéphane",158,"HOVSEPIAN Garo",125
"ELECTIONS MUNICIPALES 2014",2,2014-03-30,"MARSEILLE",21130055300016,1361,13,7,3,"OLIVES","E MAT ROSE SAINT THEODORE","41 ALLEE DES BERGERONNETTES",1039,1039,604,8,596,11,3,"MIRON Richard",164,"RAVIER Stéphane",273,"HOVSEPIAN Garo",159
"ELECTIONS MUNICIPALES 2014",2,2014-03-30,"MARSEILLE",21130055300016,1362,13,7,3,"OLIVES","E ELEM MARTEGAUX","5 CHE DES MARTEGAUX",888,888,598,16,582,7,3,"MIRON Richard",207,"RAVIER Stéphane",262,"HOVSEPIAN Garo",113
"ELECTIONS MUNICIPALES 2014",2,2014-03-30,"MARSEILLE",21130055300016,1363,13,7,3,"OLIVES","E MAT OLIVES","ENTREE 6 RUE LAFFERAGE",1283,1283,848,24,824,11,3,"MIRON Richard",301,"RAVIER Stéphane",346,"HOVSEPIAN Garo",177
"ELECTIONS MUNICIPALES 2014",2,2014-03-30,"MARSEILLE",21130055300016,1364,13,7,3,"OLIVES","E MAT OLIVES","ENTREE 6 RUE LAFFERAGE",1214,1214,812,22,790,6,3,"MIRON Richard",266,"RAVIER Stéphane",263,"HOVSEPIAN Garo",261
"ELECTIONS MUNICIPALES 2014",2,2014-03-30,"MARSEILLE",21130055300016,1365,13,7,3,"OLIVES","E ELEM CROIX ROUGE CAMPAGNE","14 AVE FOURNACLE",1435,1435,820,22,798,11,3,"MIRON Richard",276,"RAVIER Stéphane",272,"HOVSEPIAN Garo",250
"ELECTIONS MUNICIPALES 2014",2,2014-03-30,"MARSEILLE",21130055300016,1366,13,7,3,"OLIVES","GR SCOL ROSE VAL PLAN","TRA DE VAL PLAN",1034,1034,556,26,530,7,3,"MIRON Richard",152,"RAVIER Stéphane",193,"HOVSEPIAN Garo",185
"ELECTIONS MUNICIPALES 2014",2,2014-03-30,"MARSEILLE",21130055300016,1367,13,7,3,"OLIVES","E ELEM CHATEAU GOMBERT ATHENA","13 RUE ROBERT DE ROUX",972,972,665,15,650,5,3,"MIRON Richard",223,"RAVIER Stéphane",284,"HOVSEPIAN Garo",143
"ELECTIONS MUNICIPALES 2014",2,2014-03-30,"MARSEILLE",21130055300016,1368,13,7,3,"OLIVES","GR SCOL ROSE CASTORS VX CYPRES","189 CHE DE N. D. DE CONSOLATION",1221,1221,755,22,733,4,3,"MIRON Richard",231,"RAVIER Stéphane",305,"HOVSEPIAN Garo",197
"ELECTIONS MUNICIPALES 2014",2,2014-03-30,"MARSEILLE",21130055300016,1369,13,7,3,"OLIVES","E ELEM CHATEAU GOMBERT","38 BD FERNAND DURBEC",1269,1269,868,32,836,21,3,"MIRON Richard",296,"RAVIER Stéphane",343,"HOVSEPIAN Garo",197
"ELECTIONS MUNICIPALES 2014",2,2014-03-30,"MARSEILLE",21130055300016,1370,13,7,3,"OLIVES","E ELEM CHATEAU GOMBERT","38 BD FERNAND DURBEC",1328,1328,874,23,851,17,3,"MIRON Richard",255,"RAVIER Stéphane",383,"HOVSEPIAN Garo",213
"ELECTIONS MUNICIPALES 2014",2,2014-03-30,"MARSEILLE",21130055300016,1371,13,7,3,"OLIVES","E MAT LES PRAIRIES","40 CHE ST MITRE A FOUR DE BUZE",1318,1318,854,19,835,14,3,"MIRON Richard",305,"RAVIER Stéphane",356,"HOVSEPIAN Garo",174
"ELECTIONS MUNICIPALES 2014",2,2014-03-30,"MARSEILLE",21130055300016,1372,13,7,3,"OLIVES","E ELEM PARADE","73 CHE DE PALAMA",959,959,685,23,662,10,3,"MIRON Richard",227,"RAVIER Stéphane",248,"HOVSEPIAN Garo",187
"ELECTIONS MUNICIPALES 2014",2,2014-03-30,"MARSEILLE",21130055300016,1373,13,7,3,"OLIVES","E ELEM PARADE","73 CHE DE PALAMA",1157,1157,791,18,773,9,3,"MIRON Richard",200,"RAVIER Stéphane",337,"HOVSEPIAN Garo",236
"ELECTIONS MUNICIPALES 2014",2,2014-03-30,"MARSEILLE",21130055300016,1374,13,7,3,"OLIVES","E MAT LES PRAIRIES","40 CHE ST MITRE A FOUR DE BUZE",1373,1373,927,20,907,30,3,"MIRON Richard",317,"RAVIER Stéphane",364,"HOVSEPIAN Garo",226
"ELECTIONS MUNICIPALES 2014",2,2014-03-30,"MARSEILLE",21130055300016,1375,13,7,3,"OLIVES","E ELEM CHATEAU GOMBERT","38 BD FERNAND DURBEC",1366,1366,906,37,869,27,3,"MIRON Richard",278,"RAVIER Stéphane",385,"HOVSEPIAN Garo",206
"ELECTIONS MUNICIPALES 2014",2,2014-03-30,"MARSEILLE",21130055300016,1376,13,7,3,"OLIVES","E ELEM MARTEGAUX","5 CHE DES MARTEGAUX",874,874,595,10,585,4,3,"MIRON Richard",160,"RAVIER Stéphane",242,"HOVSEPIAN Garo",183
"ELECTIONS MUNICIPALES 2014",2,2014-03-30,"MARSEILLE",21130055300016,1377,13,7,3,"OLIVES","GR SCOL ROSE VAL PLAN","TRA DE VAL PLAN",815,815,431,9,422,7,3,"MIRON Richard",93,"RAVIER Stéphane",86,"HOVSEPIAN Garo",243
"ELECTIONS MUNICIPALES 2014",2,2014-03-30,"MARSEILLE",21130055300016,1378,13,7,3,"OLIVES","E ELEM PARADE","73 CHE DE PALAMA",727,727,516,15,501,13,3,"MIRON Richard",186,"RAVIER Stéphane",215,"HOVSEPIAN Garo",100
"ELECTIONS MUNICIPALES 2014",2,2014-03-30,"MARSEILLE",21130055300016,1401,14,7,7,"SAINT BARTHELEMY","E MAT SAINT GABRIEL","80 CHE DE GIBBES",936,936,495,19,476,4,3,"MIRON Richard",143,"RAVIER Stéphane",215,"HOVSEPIAN Garo",118
"ELECTIONS MUNICIPALES 2014",2,2014-03-30,"MARSEILLE",21130055300016,1402,14,7,7,"SAINT BARTHELEMY","E ELEM CANET BARBES","21 BD BARBES",1088,1088,576,16,560,5,3,"MIRON Richard",168,"RAVIER Stéphane",240,"HOVSEPIAN Garo",152
"ELECTIONS MUNICIPALES 2014",2,2014-03-30,"MARSEILLE",21130055300016,1404,14,7,7,"SAINT BARTHELEMY","E MAT CANET AMBROSINI","26 BD DE LA MAISON BLANCHE",1470,1470,656,14,642,4,3,"MIRON Richard",194,"RAVIER Stéphane",184,"HOVSEPIAN Garo",264
"ELECTIONS MUNICIPALES 2014",2,2014-03-30,"MARSEILLE",21130055300016,1405,14,7,7,"SAINT BARTHELEMY","E ELEM CANET LAROUSSE","47 BD LAROUSSE",1362,1362,720,18,702,9,3,"MIRON Richard",178,"RAVIER Stéphane",174,"HOVSEPIAN Garo",350
"ELECTIONS MUNICIPALES 2014",2,2014-03-30,"MARSEILLE",21130055300016,1407,14,7,7,"SAINT BARTHELEMY","E ELEM CANET JEAN JAURES","ENTREE 28 AVE DES ARNAVAUX",1363,1363,722,19,703,1,3,"MIRON Richard",178,"RAVIER Stéphane",221,"HOVSEPIAN Garo",304
"ELECTIONS MUNICIPALES 2014",2,2014-03-30,"MARSEILLE",21130055300016,1408,14,7,7,"SAINT JUST","E ELEM CLAIR SOLEIL","49 BD CHARLES MORETTI",645,645,380,6,374,5,3,"MIRON Richard",101,"RAVIER Stéphane",173,"HOVSEPIAN Garo",100
"ELECTIONS MUNICIPALES 2014",2,2014-03-30,"MARSEILLE",21130055300016,1409,14,7,7,"SAINT JUST","E ELEM CLAIR SOLEIL","49 BD CHARLES MORETTI",772,772,390,13,377,2,3,"MIRON Richard",138,"RAVIER Stéphane",115,"HOVSEPIAN Garo",124
"ELECTIONS MUNICIPALES 2014",2,2014-03-30,"MARSEILLE",21130055300016,1410,14,7,7,"SAINT JUST","E MAT SAINT BARTHELEMY S.N.C.F.","BD CHARLES MORETTI PROLONGE",956,956,500,13,487,1,3,"MIRON Richard",112,"RAVIER Stéphane",180,"HOVSEPIAN Garo",195
"ELECTIONS MUNICIPALES 2014",2,2014-03-30,"MARSEILLE",21130055300016,1411,14,7,7,"SAINT JUST","E MAT SAINT GABRIEL","ENTREE 22 RUE MAURICE MASSIAS",468,468,284,11,273,1,3,"MIRON Richard",73,"RAVIER Stéphane",124,"HOVSEPIAN Garo",76
"ELECTIONS MUNICIPALES 2014",2,2014-03-30,"MARSEILLE",21130055300016,1414,14,7,3,"SAINT JUST","E MAT SAINT GABRIEL","ENTREE 22 RUE MAURICE MASSIAS",1209,1209,598,19,579,6,3,"MIRON Richard",143,"RAVIER Stéphane",265,"HOVSEPIAN Garo",171
"ELECTIONS MUNICIPALES 2014",2,2014-03-30,"MARSEILLE",21130055300016,1415,14,7,3,"SAINT JUST","GR SCOL SINONCELLI","51 RUE BOISSELOT",1103,1103,594,13,581,9,3,"MIRON Richard",159,"RAVIER Stéphane",272,"HOVSEPIAN Garo",150
"ELECTIONS MUNICIPALES 2014",2,2014-03-30,"MARSEILLE",21130055300016,1416,14,7,3,"SAINT JUST","GR SCOL SINONCELLI","51 RUE BOISSELOT",912,912,442,7,435,6,3,"MIRON Richard",161,"RAVIER Stéphane",154,"HOVSEPIAN Garo",120
"ELECTIONS MUNICIPALES 2014",2,2014-03-30,"MARSEILLE",21130055300016,1417,14,7,3,"SAINT JUST","E ELEM CLAIR SOLEIL","49 BD CHARLES MORETTI",1024,1024,409,11,398,1,3,"MIRON Richard",135,"RAVIER Stéphane",95,"HOVSEPIAN Garo",168
"ELECTIONS MUNICIPALES 2014",2,2014-03-30,"MARSEILLE",21130055300016,1450,14,7,7,"SAINT BARTHELEMY","E MAT ST BARTHELEMY LES FLAMANTS","64 AVE ALEXANDRE ANSALDI",1232,1232,566,11,555,2,3,"MIRON Richard",197,"RAVIER Stéphane",50,"HOVSEPIAN Garo",308
"ELECTIONS MUNICIPALES 2014",2,2014-03-30,"MARSEILLE",21130055300016,1451,14,7,3,"SAINT BARTHELEMY","E MAT SAINT BARTHELEMY S.N.C.F.","BD CHARLES MORETTI PROLONGE",1397,1397,748,26,722,14,3,"MIRON Richard",247,"RAVIER Stéphane",292,"HOVSEPIAN Garo",183
"ELECTIONS MUNICIPALES 2014",2,2014-03-30,"MARSEILLE",21130055300016,1452,14,7,7,"SAINT BARTHELEMY","GR SCOL FONTVERT","19 RUE FONTVERT",690,690,398,12,386,3,3,"MIRON Richard",156,"RAVIER Stéphane",16,"HOVSEPIAN Garo",214
"ELECTIONS MUNICIPALES 2014",2,2014-03-30,"MARSEILLE",21130055300016,1453,14,7,7,"SAINT BARTHELEMY","E MAT BUSSERINE","ENTREE 34 RUE DE LA BUSSERINE",1168,1168,539,15,524,12,3,"MIRON Richard",201,"RAVIER Stéphane",51,"HOVSEPIAN Garo",272
"ELECTIONS MUNICIPALES 2014",2,2014-03-30,"MARSEILLE",21130055300016,1454,14,7,7,"SAINT BARTHELEMY","E MAT BUSSERINE","ENTREE 34 RUE DE LA BUSSERINE",927,927,411,23,388,2,3,"MIRON Richard",136,"RAVIER Stéphane",60,"HOVSEPIAN Garo",192
"ELECTIONS MUNICIPALES 2014",2,2014-03-30,"MARSEILLE",21130055300016,1455,14,7,7,"SAINT BARTHELEMY","E ELEM EMILE VAYSSIERE I","6 RUE DE LA CRAU",756,756,292,15,277,3,3,"MIRON Richard",103,"RAVIER Stéphane",49,"HOVSEPIAN Garo",125
"ELECTIONS MUNICIPALES 2014",2,2014-03-30,"MARSEILLE",21130055300016,1456,14,7,7,"SAINT BARTHELEMY","E MAT SAINTE MARTHE","30 BD RICOUX",941,941,561,13,548,2,3,"MIRON Richard",209,"RAVIER Stéphane",177,"HOVSEPIAN Garo",162
"ELECTIONS MUNICIPALES 2014",2,2014-03-30,"MARSEILLE",21130055300016,1457,14,7,3,"SAINT BARTHELEMY","E MAT SAINT BARTHELEMY LES FLAMANTS","64 AVE ALEXANDRE ANSALDI",775,775,444,17,427,3,3,"MIRON Richard",120,"RAVIER Stéphane",203,"HOVSEPIAN Garo",104
"ELECTIONS MUNICIPALES 2014",2,2014-03-30,"MARSEILLE",21130055300016,1458,14,7,3,"SAINT BARTHELEMY","E ELEM MERLAN","70 AVE DU MERLAN",1362,1362,822,27,795,9,3,"MIRON Richard",240,"RAVIER Stéphane",351,"HOVSEPIAN Garo",204
"ELECTIONS MUNICIPALES 2014",2,2014-03-30,"MARSEILLE",21130055300016,1459,14,7,3,"SAINT BARTHELEMY","E ELEM MERLAN","70 AVE DU MERLAN",1414,1414,884,27,857,10,3,"MIRON Richard",254,"RAVIER Stéphane",360,"HOVSEPIAN Garo",243
"ELECTIONS MUNICIPALES 2014",2,2014-03-30,"MARSEILLE",21130055300016,1460,14,7,3,"SAINT BARTHELEMY","E MAT SAINTE MARTHE","30 BD RICOUX",1472,1472,955,35,920,17,3,"MIRON Richard",262,"RAVIER Stéphane",400,"HOVSEPIAN Garo",258
"ELECTIONS MUNICIPALES 2014",2,2014-03-30,"MARSEILLE",21130055300016,1461,14,7,7,"NOTRE DAME LIMITE","E MAT SIMIANE","103 CHE DE ST JOSEPH A STE MARTHE",1282,1282,618,22,596,6,3,"MIRON Richard",199,"RAVIER Stéphane",136,"HOVSEPIAN Garo",261
"ELECTIONS MUNICIPALES 2014",2,2014-03-30,"MARSEILLE",21130055300016,1462,14,7,7,"NOTRE DAME LIMITE","E ELEM SAINT JOSEPH MICOCOULIERS","8 BD ROLAND DORGELES",679,679,338,16,322,1,3,"MIRON Richard",101,"RAVIER Stéphane",76,"HOVSEPIAN Garo",145
"ELECTIONS MUNICIPALES 2014",2,2014-03-30,"MARSEILLE",21130055300016,1463,14,7,7,"NOTRE DAME LIMITE","E MAT SIMIANE","103 CHE DE ST JOSEPH A STE MARTHE",909,909,477,13,464,3,3,"MIRON Richard",105,"RAVIER Stéphane",116,"HOVSEPIAN Garo",243
"ELECTIONS MUNICIPALES 2014",2,2014-03-30,"MARSEILLE",21130055300016,1464,14,7,3,"SAINT BARTHELEMY","E MAT BATARELLE","38 RUE DE LISSANDRE",737,737,504,15,489,7,3,"MIRON Richard",168,"RAVIER Stéphane",231,"HOVSEPIAN Garo",90
"ELECTIONS MUNICIPALES 2014",2,2014-03-30,"MARSEILLE",21130055300016,1465,14,7,3,"SAINT BARTHELEMY","E MAT BATARELLE","38 RUE DE LISSANDRE",921,921,665,29,636,15,3,"MIRON Richard",193,"RAVIER Stéphane",243,"HOVSEPIAN Garo",200
"ELECTIONS MUNICIPALES 2014",2,2014-03-30,"MARSEILLE",21130055300016,1466,14,7,3,"NOTRE DAME LIMITE","E ELEM SAINT JOSEPH MICOCOULIERS","8 BD ROLAND DORGELES",694,694,362,13,349,4,3,"MIRON Richard",86,"RAVIER Stéphane",177,"HOVSEPIAN Garo",86
"ELECTIONS MUNICIPALES 2014",2,2014-03-30,"MARSEILLE",21130055300016,1501,15,8,7,"SAINT MAURONT","E MAT ARENC BACHAS EXTERIEUR","15 BD FERDINAND DE LESSEPS",836,836,346,6,340,5,3,"FRUCTUS Arlette",78,"MARANDAT Bernard",67,"GHALI Samia",195
"ELECTIONS MUNICIPALES 2014",2,2014-03-30,"MARSEILLE",21130055300016,1503,15,8,7,"SAINT MAURONT","E MAT ODDO","18 RUE DE LA BUTINEUSE",606,606,271,11,260,8,3,"FRUCTUS Arlette",52,"MARANDAT Bernard",66,"GHALI Samia",142
"ELECTIONS MUNICIPALES 2014",2,2014-03-30,"MARSEILLE",21130055300016,1504,15,8,7,"SAINT MAURONT","E ELEM ODDO","1 PCE EDGAR TARQUIN",792,792,364,5,359,2,3,"FRUCTUS Arlette",78,"MARANDAT Bernard",102,"GHALI Samia",179
"ELECTIONS MUNICIPALES 2014",2,2014-03-30,"MARSEILLE",21130055300016,1505,15,8,7,"SAINT MAURONT","E ELEM CABUCELLE","52 BD VIALA",1274,1274,641,31,610,19,3,"FRUCTUS Arlette",152,"MARANDAT Bernard",169,"GHALI Samia",289
"ELECTIONS MUNICIPALES 2014",2,2014-03-30,"MARSEILLE",21130055300016,1507,15,8,7,"SAINT MAURONT","E MAT BERNABO","1 TRA BERNABO",808,808,415,13,402,3,3,"FRUCTUS Arlette",103,"MARANDAT Bernard",132,"GHALI Samia",167
"ELECTIONS MUNICIPALES 2014",2,2014-03-30,"MARSEILLE",21130055300016,1508,15,8,7,"SAINT MAURONT","E MAT CALADE","15 RUE SEVERINE",995,995,553,20,533,4,3,"FRUCTUS Arlette",131,"MARANDAT Bernard",192,"GHALI Samia",210
"ELECTIONS MUNICIPALES 2014",2,2014-03-30,"MARSEILLE",21130055300016,1531,15,8,7,"SAINT MAURONT","E MAT SAINT LOUIS LEVEQUE","GR CAMPAGNE LEVEQUE",1069,1069,539,23,516,3,3,"FRUCTUS Arlette",120,"MARANDAT Bernard",126,"GHALI Samia",270
"ELECTIONS MUNICIPALES 2014",2,2014-03-30,"MARSEILLE",21130055300016,1532,15,8,7,"VERDURON","GR SCOL SAINT LOUIS CONSOLAT","47 RUE DES MUSARDISES",1018,1018,530,21,509,23,3,"FRUCTUS Arlette",118,"MARANDAT Bernard",188,"GHALI Samia",203
"ELECTIONS MUNICIPALES 2014",2,2014-03-30,"MARSEILLE",21130055300016,1533,15,8,7,"VERDURON","GR SCOL SAINT LOUIS CONSOLAT","47 RUE DES MUSARDISES",1121,1121,552,20,532,9,3,"FRUCTUS Arlette",133,"MARANDAT Bernard",190,"GHALI Samia",209
"ELECTIONS MUNICIPALES 2014",2,2014-03-30,"MARSEILLE",21130055300016,1535,15,8,7,"SAINT MAURONT","E ELEM SAINT LOUIS GARE","32 RUE LE CHATELIER",788,788,418,18,400,8,3,"FRUCTUS Arlette",86,"MARANDAT Bernard",174,"GHALI Samia",140
"ELECTIONS MUNICIPALES 2014",2,2014-03-30,"MARSEILLE",21130055300016,1536,15,8,7,"SAINT MAURONT","E ELEM SAINT LOUIS GARE","32 RUE LE CHATELIER",658,658,333,8,325,3,3,"FRUCTUS Arlette",62,"MARANDAT Bernard",116,"GHALI Samia",147
"ELECTIONS MUNICIPALES 2014",2,2014-03-30,"MARSEILLE",21130055300016,1537,15,8,7,"SAINT MAURONT","E ELEM SAINT LOUIS GARE","32 RUE LE CHATELIER",1253,1253,676,22,654,9,3,"FRUCTUS Arlette",95,"MARANDAT Bernard",182,"GHALI Samia",377
"ELECTIONS MUNICIPALES 2014",2,2014-03-30,"MARSEILLE",21130055300016,1538,15,8,7,"SAINT MAURONT","E MAT SAINT JOSEPH SERVIERES","RUE DU CAPRICORNE",1100,1100,623,13,610,6,3,"FRUCTUS Arlette",142,"MARANDAT Bernard",238,"GHALI Samia",230
"ELECTIONS MUNICIPALES 2014",2,2014-03-30,"MARSEILLE",21130055300016,1539,15,8,7,"NOTRE DAME LIMITE","E ELEM MAURELETTE","39 BD SIMON BOLIVAR",1065,1065,490,18,472,12,3,"FRUCTUS Arlette",143,"MARANDAT Bernard",118,"GHALI Samia",211
"ELECTIONS MUNICIPALES 2014",2,2014-03-30,"MARSEILLE",21130055300016,1540,15,8,7,"NOTRE DAME LIMITE","E MAT CASTELLAS LES LIONS","AVE DU CASTELLAS",1160,1160,591,23,568,3,3,"FRUCTUS Arlette",154,"MARANDAT Bernard",143,"GHALI Samia",271
"ELECTIONS MUNICIPALES 2014",2,2014-03-30,"MARSEILLE",21130055300016,1541,15,8,7,"NOTRE DAME LIMITE","E MAT CASTELLAS LES LIONS","AVE DU CASTELLAS",565,565,327,16,311,3,3,"FRUCTUS Arlette",88,"MARANDAT Bernard",60,"GHALI Samia",163
"ELECTIONS MUNICIPALES 2014",2,2014-03-30,"MARSEILLE",21130055300016,1542,15,8,7,"SAINT MAURONT","GR SCOL AYGALADES OASIS","56 TRA DES LAITIERS",1357,1357,689,17,672,7,3,"FRUCTUS Arlette",153,"MARANDAT Bernard",183,"GHALI Samia",336
"ELECTIONS MUNICIPALES 2014",2,2014-03-30,"MARSEILLE",21130055300016,1543,15,8,7,"NOTRE DAME LIMITE","GR SCOL AYGALADES OASIS","56 TRA DES LAITIERS",1116,1116,683,19,664,12,3,"FRUCTUS Arlette",202,"MARANDAT Bernard",279,"GHALI Samia",183
"ELECTIONS MUNICIPALES 2014",2,2014-03-30,"MARSEILLE",21130055300016,1571,15,8,7,"VERDURON","E MAT VISTE BOUSQUET","10 RUE SERGE DOURIANT",1044,1044,601,23,578,10,3,"FRUCTUS Arlette",168,"MARANDAT Bernard",195,"GHALI Samia",215
"ELECTIONS MUNICIPALES 2014",2,2014-03-30,"MARSEILLE",21130055300016,1572,15,8,7,"VERDURON","E MAT VISTE BOUSQUET","10 RUE SERGE DOURIANT",1299,1299,663,20,643,5,3,"FRUCTUS Arlette",144,"MARANDAT Bernard",167,"GHALI Samia",332
"ELECTIONS MUNICIPALES 2014",2,2014-03-30,"MARSEILLE",21130055300016,1574,15,8,7,"VERDURON","GR SCOL PLAN D AOU","10 BD DU CDT ROBERT THOLLON",1517,1517,832,41,791,8,3,"FRUCTUS Arlette",190,"MARANDAT Bernard",205,"GHALI Samia",396
"ELECTIONS MUNICIPALES 2014",2,2014-03-30,"MARSEILLE",21130055300016,1575,15,8,7,"NOTRE DAME LIMITE","E MAT SAINT ANTOINE CENTRE","19 AVE DE ROQUEFAVOUR",610,610,338,8,330,1,3,"FRUCTUS Arlette",85,"MARANDAT Bernard",130,"GHALI Samia",115
"ELECTIONS MUNICIPALES 2014",2,2014-03-30,"MARSEILLE",21130055300016,1576,15,8,7,"NOTRE DAME LIMITE","E ELEM BORELS","3 BD BELLE VUE",1144,1144,720,26,694,18,3,"FRUCTUS Arlette",171,"MARANDAT Bernard",272,"GHALI Samia",251
"ELECTIONS MUNICIPALES 2014",2,2014-03-30,"MARSEILLE",21130055300016,1577,15,8,7,"NOTRE DAME LIMITE","E MAT SAVINE I","99 BD DE LA SAVINE",1476,1476,662,32,630,2,3,"FRUCTUS Arlette",131,"MARANDAT Bernard",109,"GHALI Samia",390
"ELECTIONS MUNICIPALES 2014",2,2014-03-30,"MARSEILLE",21130055300016,1578,15,8,7,"NOTRE DAME LIMITE","E MAT SAINT ANTOINE PALANQUE","46 CHE DE LA MARTINE",734,734,397,12,385,2,3,"FRUCTUS Arlette",119,"MARANDAT Bernard",150,"GHALI Samia",116
"ELECTIONS MUNICIPALES 2014",2,2014-03-30,"MARSEILLE",21130055300016,1579,15,8,7,"NOTRE DAME LIMITE","E MAT SAINT ANTOINE PALANQUE","46 CHE DE LA MARTINE",1049,1049,611,28,583,5,3,"FRUCTUS Arlette",141,"MARANDAT Bernard",282,"GHALI Samia",160
"ELECTIONS MUNICIPALES 2014",2,2014-03-30,"MARSEILLE",21130055300016,1580,15,8,7,"NOTRE DAME LIMITE","E MAT JEAN PERRIN","34 AVE DU VALLON D'OL",1128,1128,649,35,614,2,3,"FRUCTUS Arlette",111,"MARANDAT Bernard",210,"GHALI Samia",293
"ELECTIONS MUNICIPALES 2014",2,2014-03-30,"MARSEILLE",21130055300016,1581,15,8,7,"NOTRE DAME LIMITE","E ELEM PARC KALLISTE","124 CHE DES BOURRELY",993,993,362,8,354,8,3,"FRUCTUS Arlette",126,"MARANDAT Bernard",67,"GHALI Samia",161
"ELECTIONS MUNICIPALES 2014",2,2014-03-30,"MARSEILLE",21130055300016,1582,15,8,7,"NOTRE DAME LIMITE","E MAT GRANIERE","46 CHE DES BAUMILLONS",1381,1381,694,25,669,4,3,"FRUCTUS Arlette",153,"MARANDAT Bernard",245,"GHALI Samia",271
"ELECTIONS MUNICIPALES 2014",2,2014-03-30,"MARSEILLE",21130055300016,1583,15,8,7,"NOTRE DAME LIMITE","E ELEM FABRETTES","8 TRA DE L'ARLESIENNE",779,779,461,11,450,6,3,"FRUCTUS Arlette",100,"MARANDAT Bernard",206,"GHALI Samia",144
"ELECTIONS MUNICIPALES 2014",2,2014-03-30,"MARSEILLE",21130055300016,1584,15,8,7,"VERDURON","E MAT VERDURON HAUT","2 BD DE LA PINEDE",779,779,476,26,450,8,3,"FRUCTUS Arlette",109,"MARANDAT Bernard",192,"GHALI Samia",149
"ELECTIONS MUNICIPALES 2014",2,2014-03-30,"MARSEILLE",21130055300016,1585,15,8,7,"VERDURON","E ELEM BRICARDE","125 BD HENRI BARNIER",1362,1362,641,17,624,3,3,"FRUCTUS Arlette",152,"MARANDAT Bernard",123,"GHALI Samia",349
"ELECTIONS MUNICIPALES 2014",2,2014-03-30,"MARSEILLE",21130055300016,1586,15,8,7,"VERDURON","E MAT SAINT ANDRE BARNIER","274 BD HENRI BARNIER",1085,1085,464,13,451,3,3,"FRUCTUS Arlette",119,"MARANDAT Bernard",65,"GHALI Samia",267
"ELECTIONS MUNICIPALES 2014",2,2014-03-30,"MARSEILLE",21130055300016,1587,15,8,7,"NOTRE DAME LIMITE","E ELEM SOLIDARITE","38 CHE DE LA BIGOTTE",1551,1551,694,19,675,3,3,"FRUCTUS Arlette",162,"MARANDAT Bernard",107,"GHALI Samia",406
"ELECTIONS MUNICIPALES 2014",2,2014-03-30,"MARSEILLE",21130055300016,1588,15,8,7,"VERDURON","E MAT SAINT ANDRE BARNIER","274 BD HENRI BARNIER",1111,1111,459,19,440,3,3,"FRUCTUS Arlette",104,"MARANDAT Bernard",53,"GHALI Samia",283
"ELECTIONS MUNICIPALES 2014",2,2014-03-30,"MARSEILLE",21130055300016,1601,16,8,7,"VERDURON","E ELEM SAINT ANDRE CONDORCET","ENTREE 430 BD HENRI BARNIER",1090,1090,557,20,537,13,3,"FRUCTUS Arlette",118,"MARANDAT Bernard",188,"GHALI Samia",231
"ELECTIONS MUNICIPALES 2014",2,2014-03-30,"MARSEILLE",21130055300016,1602,16,8,7,"VERDURON","E ELEM SAINT ANDRE CONDORCET","ENTREE 430 BD HENRI BARNIER",861,861,502,22,480,8,3,"FRUCTUS Arlette",142,"MARANDAT Bernard",140,"GHALI Samia",198
"ELECTIONS MUNICIPALES 2014",2,2014-03-30,"MARSEILLE",21130055300016,1606,16,8,7,"VERDURON","E ELEM SAINT HENRI I","95 RUE RABELAIS",784,784,425,11,414,4,3,"FRUCTUS Arlette",90,"MARANDAT Bernard",153,"GHALI Samia",171
"ELECTIONS MUNICIPALES 2014",2,2014-03-30,"MARSEILLE",21130055300016,1607,16,8,7,"VERDURON","E ELEM SAINT HENRI I","95 RUE RABELAIS",674,674,408,15,393,9,3,"FRUCTUS Arlette",79,"MARANDAT Bernard",138,"GHALI Samia",176
"ELECTIONS MUNICIPALES 2014",2,2014-03-30,"MARSEILLE",21130055300016,1608,16,8,7,"VERDURON","E ELEM SAINT HENRI II","14 PCE RAPHEL",1378,1378,757,29,728,9,3,"FRUCTUS Arlette",181,"MARANDAT Bernard",288,"GHALI Samia",259
"ELECTIONS MUNICIPALES 2014",2,2014-03-30,"MARSEILLE",21130055300016,1609,16,8,7,"VERDURON","E ELEM SAINT HENRI II","14 PCE RAPHEL",808,808,439,11,428,6,3,"FRUCTUS Arlette",108,"MARANDAT Bernard",139,"GHALI Samia",181
"ELECTIONS MUNICIPALES 2014",2,2014-03-30,"MARSEILLE",21130055300016,1610,16,8,7,"VERDURON","E MAT ESTAQUE GARE","33 BD FENOUIL",866,866,534,20,514,12,3,"FRUCTUS Arlette",113,"MARANDAT Bernard",143,"GHALI Samia",258
"ELECTIONS MUNICIPALES 2014",2,2014-03-30,"MARSEILLE",21130055300016,1611,16,8,7,"VERDURON","E MAT ESTAQUE PLAGE","23 BD ALBIN BANDINI",969,969,582,33,549,4,3,"FRUCTUS Arlette",158,"MARANDAT Bernard",125,"GHALI Samia",266
"ELECTIONS MUNICIPALES 2014",2,2014-03-30,"MARSEILLE",21130055300016,1612,16,8,7,"VERDURON","E ELEM ESTAQUE PLAGE II","4 MONTEE DES ECOLES",942,942,582,40,542,41,3,"FRUCTUS Arlette",89,"MARANDAT Bernard",189,"GHALI Samia",264
"ELECTIONS MUNICIPALES 2014",2,2014-03-30,"MARSEILLE",21130055300016,1613,16,8,7,"VERDURON","E MAT ESTAQUE RIAUX","12 BD FALAISE",694,694,430,27,403,8,3,"FRUCTUS Arlette",74,"MARANDAT Bernard",83,"GHALI Samia",246
"ELECTIONS MUNICIPALES 2014",2,2014-03-30,"MARSEILLE",21130055300016,1614,16,8,7,"VERDURON","E MAT ESTAQUE RIAUX","12 BD FALAISE",775,775,477,34,443,9,3,"FRUCTUS Arlette",80,"MARANDAT Bernard",117,"GHALI Samia",246
